caminho,video,video_id,frame,t_video_s,trecho,rotulo_fraco,particao,origem,evento_id,confianca_rotulo,observacao
data/processed/youtube/frames7/frame_00001.jpg,youtube_frames7,tlVHButb9EM,1,0,unico,>=moderada,test_ordinal_youtube,youtube,youtube__frames7,media,pip_motorista_canto_sup_dir
data/processed/youtube/frames7/frame_00003.jpg,youtube_frames7,tlVHButb9EM,3,2,unico,>=moderada,test_ordinal_youtube,youtube,youtube__frames7,media,pip_motorista_canto_sup_dir
data/processed/youtube/frames7/frame_00004.jpg,youtube_frames7,tlVHButb9EM,4,3,unico,>=moderada,test_ordinal_youtube,youtube,youtube__frames7,media,pip_motorista_canto_sup_dir
data/processed/youtube/frames7/frame_00006.jpg,youtube_frames7,tlVHButb9EM,6,5,unico,>=moderada,test_ordinal_youtube,youtube,youtube__frames7,media,pip_motorista_canto_sup_dir
data/processed/youtube/frames7/frame_00007.jpg,youtube_frames7,tlVHButb9EM,7,6,unico,>=moderada,test_ordinal_youtube,youtube,youtube__frames7,media,pip_motorista_canto_sup_dir
data/processed/youtube/frames7/frame_00009.jpg,youtube_frames7,tlVHButb9EM,9,8,unico,>=moderada,test_ordinal_youtube,youtube,youtube__frames7,media,pip_motorista_canto_sup_dir
data/processed/youtube/frames7/frame_00010.jpg,youtube_frames7,tlVHButb9EM,10,9,unico,>=moderada,test_ordinal_youtube,youtube,youtube__frames7,media,pip_motorista_canto_sup_dir
data/processed/youtube/frames7/frame_00012.jpg,youtube_frames7,tlVHButb9EM,12,11,unico,>=moderada,test_ordinal_youtube,youtube,youtube__frames7,media,pip_motorista_canto_sup_dir
data/processed/youtube/frames7/frame_00013.jpg,youtube_frames7,tlVHButb9EM,13,12,unico,>=moderada,test_ordinal_youtube,youtube,youtube__frames7,media,pip_motorista_canto_sup_dir
data/processed/youtube/frames7/frame_00015.jpg,youtube_frames7,tlVHButb9EM,15,14,unico,>=moderada,test_ordinal_youtube,youtube,youtube__frames7,media,pip_motorista_canto_sup_dir
data/processed/youtube/frames7/frame_00016.jpg,youtube_frames7,tlVHButb9EM,16,15,unico,>=moderada,test_ordinal_youtube,youtube,youtube__frames7,media,pip_motorista_canto_sup_dir
data/processed/youtube/frames7/frame_00018.jpg,youtube_frames7,tlVHButb9EM,18,17,unico,>=moderada,test_ordinal_youtube,youtube,youtube__frames7,media,pip_motorista_canto_sup_dir
data/processed/youtube/frames7/frame_00019.jpg,youtube_frames7,tlVHButb9EM,19,18,unico,>=moderada,test_ordinal_youtube,youtube,youtube__frames7,media,pip_motorista_canto_sup_dir
data/processed/youtube/frames7/frame_00021.jpg,youtube_frames7,tlVHButb9EM,21,20,unico,>=moderada,test_ordinal_youtube,youtube,youtube__frames7,media,pip_motorista_canto_sup_dir
data/processed/youtube/frames7/frame_00022.jpg,youtube_frames7,tlVHButb9EM,22,21,unico,>=moderada,test_ordinal_youtube,youtube,youtube__frames7,media,pip_motorista_canto_sup_dir
data/processed/youtube/frames7/frame_00024.jpg,youtube_frames7,tlVHButb9EM,24,23,unico,>=moderada,test_ordinal_youtube,youtube,youtube__frames7,media,pip_motorista_canto_sup_dir
data/processed/youtube/frames7/frame_00025.jpg,youtube_frames7,tlVHButb9EM,25,24,unico,>=moderada,test_ordinal_youtube,youtube,youtube__frames7,media,pip_motorista_canto_sup_dir
data/processed/youtube/frames7/frame_00027.jpg,youtube_frames7,tlVHButb9EM,27,26,unico,>=moderada,test_ordinal_youtube,youtube,youtube__frames7,media,pip_motorista_canto_sup_dir
data/processed/youtube/frames7/frame_00028.jpg,youtube_frames7,tlVHButb9EM,28,27,unico,>=moderada,test_ordinal_youtube,youtube,youtube__frames7,media,pip_motorista_canto_sup_dir
data/processed/youtube/frames7/frame_00030.jpg,youtube_frames7,tlVHButb9EM,30,29,unico,>=moderada,test_ordinal_youtube,youtube,youtube__frames7,media,pip_motorista_canto_sup_dir
data/processed/youtube/frames7/frame_00031.jpg,youtube_frames7,tlVHButb9EM,31,30,unico,>=moderada,test_ordinal_youtube,youtube,youtube__frames7,media,pip_motorista_canto_sup_dir
data/processed/youtube/frames7/frame_00033.jpg,youtube_frames7,tlVHButb9EM,33,32,unico,>=moderada,test_ordinal_youtube,youtube,youtube__frames7,media,pip_motorista_canto_sup_dir
data/processed/youtube/frames7/frame_00034.jpg,youtube_frames7,tlVHButb9EM,34,33,unico,>=moderada,test_ordinal_youtube,youtube,youtube__frames7,media,pip_motorista_canto_sup_dir
data/processed/youtube/frames7/frame_00036.jpg,youtube_frames7,tlVHButb9EM,36,35,unico,>=moderada,test_ordinal_youtube,youtube,youtube__frames7,media,pip_motorista_canto_sup_dir
data/processed/youtube/frames7/frame_00037.jpg,youtube_frames7,tlVHButb9EM,37,36,unico,>=moderada,test_ordinal_youtube,youtube,youtube__frames7,media,pip_motorista_canto_sup_dir
data/processed/youtube/frames7/frame_00039.jpg,youtube_frames7,tlVHButb9EM,39,38,unico,>=moderada,test_ordinal_youtube,youtube,youtube__frames7,media,pip_motorista_canto_sup_dir
data/processed/youtube/frames7/frame_00040.jpg,youtube_frames7,tlVHButb9EM,40,39,unico,>=moderada,test_ordinal_youtube,youtube,youtube__frames7,media,pip_motorista_canto_sup_dir
data/processed/youtube/frames7/frame_00042.jpg,youtube_frames7,tlVHButb9EM,42,41,unico,>=moderada,test_ordinal_youtube,youtube,youtube__frames7,media,pip_motorista_canto_sup_dir
data/processed/youtube/frames7/frame_00043.jpg,youtube_frames7,tlVHButb9EM,43,42,unico,>=moderada,test_ordinal_youtube,youtube,youtube__frames7,media,pip_motorista_canto_sup_dir
data/processed/youtube/frames7/frame_00045.jpg,youtube_frames7,tlVHButb9EM,45,44,unico,>=moderada,test_ordinal_youtube,youtube,youtube__frames7,media,pip_motorista_canto_sup_dir
data/processed/youtube/frames7/frame_00046.jpg,youtube_frames7,tlVHButb9EM,46,45,unico,>=moderada,test_ordinal_youtube,youtube,youtube__frames7,media,pip_motorista_canto_sup_dir
data/processed/youtube/frames7/frame_00048.jpg,youtube_frames7,tlVHButb9EM,48,47,unico,>=moderada,test_ordinal_youtube,youtube,youtube__frames7,media,pip_motorista_canto_sup_dir
data/processed/youtube/frames7/frame_00049.jpg,youtube_frames7,tlVHButb9EM,49,48,unico,>=moderada,test_ordinal_youtube,youtube,youtube__frames7,media,pip_motorista_canto_sup_dir
data/processed/youtube/frames7/frame_00051.jpg,youtube_frames7,tlVHButb9EM,51,50,unico,>=moderada,test_ordinal_youtube,youtube,youtube__frames7,media,pip_motorista_canto_sup_dir
data/processed/youtube/frames7/frame_00052.jpg,youtube_frames7,tlVHButb9EM,52,51,unico,>=moderada,test_ordinal_youtube,youtube,youtube__frames7,media,pip_motorista_canto_sup_dir
data/processed/youtube/frames7/frame_00054.jpg,youtube_frames7,tlVHButb9EM,54,53,unico,>=moderada,test_ordinal_youtube,youtube,youtube__frames7,media,pip_motorista_canto_sup_dir
data/processed/youtube/frames7/frame_00055.jpg,youtube_frames7,tlVHButb9EM,55,54,unico,>=moderada,test_ordinal_youtube,youtube,youtube__frames7,media,pip_motorista_canto_sup_dir
data/processed/youtube/frames7/frame_00057.jpg,youtube_frames7,tlVHButb9EM,57,56,unico,>=moderada,test_ordinal_youtube,youtube,youtube__frames7,media,pip_motorista_canto_sup_dir
data/processed/youtube/frames7/frame_00058.jpg,youtube_frames7,tlVHButb9EM,58,57,unico,>=moderada,test_ordinal_youtube,youtube,youtube__frames7,media,pip_motorista_canto_sup_dir
data/processed/youtube/frames7/frame_00060.jpg,youtube_frames7,tlVHButb9EM,60,59,unico,>=moderada,test_ordinal_youtube,youtube,youtube__frames7,media,pip_motorista_canto_sup_dir
data/processed/youtube/frames7/frame_00061.jpg,youtube_frames7,tlVHButb9EM,61,60,unico,>=moderada,test_ordinal_youtube,youtube,youtube__frames7,media,pip_motorista_canto_sup_dir
data/processed/youtube/frames7/frame_00063.jpg,youtube_frames7,tlVHButb9EM,63,62,unico,>=moderada,test_ordinal_youtube,youtube,youtube__frames7,media,pip_motorista_canto_sup_dir
data/processed/youtube/frames7/frame_00064.jpg,youtube_frames7,tlVHButb9EM,64,63,unico,>=moderada,test_ordinal_youtube,youtube,youtube__frames7,media,pip_motorista_canto_sup_dir
data/processed/youtube/frames7/frame_00066.jpg,youtube_frames7,tlVHButb9EM,66,65,unico,>=moderada,test_ordinal_youtube,youtube,youtube__frames7,media,pip_motorista_canto_sup_dir
data/processed/youtube/frames7/frame_00067.jpg,youtube_frames7,tlVHButb9EM,67,66,unico,>=moderada,test_ordinal_youtube,youtube,youtube__frames7,media,pip_motorista_canto_sup_dir
data/processed/youtube/frames7/frame_00069.jpg,youtube_frames7,tlVHButb9EM,69,68,unico,>=moderada,test_ordinal_youtube,youtube,youtube__frames7,media,pip_motorista_canto_sup_dir
data/processed/youtube/frames7/frame_00070.jpg,youtube_frames7,tlVHButb9EM,70,69,unico,>=moderada,test_ordinal_youtube,youtube,youtube__frames7,media,pip_motorista_canto_sup_dir
data/processed/youtube/frames7/frame_00072.jpg,youtube_frames7,tlVHButb9EM,72,71,unico,>=moderada,test_ordinal_youtube,youtube,youtube__frames7,media,pip_motorista_canto_sup_dir
data/processed/youtube/frames7/frame_00073.jpg,youtube_frames7,tlVHButb9EM,73,72,unico,>=moderada,test_ordinal_youtube,youtube,youtube__frames7,media,pip_motorista_canto_sup_dir
data/processed/youtube/frames7/frame_00075.jpg,youtube_frames7,tlVHButb9EM,75,74,unico,>=moderada,test_ordinal_youtube,youtube,youtube__frames7,media,pip_motorista_canto_sup_dir
data/processed/youtube/frames7/frame_00076.jpg,youtube_frames7,tlVHButb9EM,76,75,unico,>=moderada,test_ordinal_youtube,youtube,youtube__frames7,media,pip_motorista_canto_sup_dir
data/processed/youtube/frames7/frame_00078.jpg,youtube_frames7,tlVHButb9EM,78,77,unico,>=moderada,test_ordinal_youtube,youtube,youtube__frames7,media,pip_motorista_canto_sup_dir
data/processed/youtube/frames7/frame_00079.jpg,youtube_frames7,tlVHButb9EM,79,78,unico,>=moderada,test_ordinal_youtube,youtube,youtube__frames7,media,pip_motorista_canto_sup_dir
data/processed/youtube/frames7/frame_00081.jpg,youtube_frames7,tlVHButb9EM,81,80,unico,>=moderada,test_ordinal_youtube,youtube,youtube__frames7,media,pip_motorista_canto_sup_dir
data/processed/youtube/frames7/frame_00082.jpg,youtube_frames7,tlVHButb9EM,82,81,unico,>=moderada,test_ordinal_youtube,youtube,youtube__frames7,media,pip_motorista_canto_sup_dir
data/processed/youtube/frames7/frame_00084.jpg,youtube_frames7,tlVHButb9EM,84,83,unico,>=moderada,test_ordinal_youtube,youtube,youtube__frames7,media,pip_motorista_canto_sup_dir
data/processed/youtube/frames7/frame_00085.jpg,youtube_frames7,tlVHButb9EM,85,84,unico,>=moderada,test_ordinal_youtube,youtube,youtube__frames7,media,pip_motorista_canto_sup_dir
data/processed/youtube/frames7/frame_00087.jpg,youtube_frames7,tlVHButb9EM,87,86,unico,>=moderada,test_ordinal_youtube,youtube,youtube__frames7,media,pip_motorista_canto_sup_dir
data/processed/youtube/frames7/frame_00088.jpg,youtube_frames7,tlVHButb9EM,88,87,unico,>=moderada,test_ordinal_youtube,youtube,youtube__frames7,media,pip_motorista_canto_sup_dir
data/processed/youtube/frames7/frame_00090.jpg,youtube_frames7,tlVHButb9EM,90,89,unico,>=moderada,test_ordinal_youtube,youtube,youtube__frames7,media,pip_motorista_canto_sup_dir
data/processed/youtube/frames7/frame_00091.jpg,youtube_frames7,tlVHButb9EM,91,90,unico,>=moderada,test_ordinal_youtube,youtube,youtube__frames7,media,pip_motorista_canto_sup_dir
data/processed/youtube/frames7/frame_00093.jpg,youtube_frames7,tlVHButb9EM,93,92,unico,>=moderada,test_ordinal_youtube,youtube,youtube__frames7,media,pip_motorista_canto_sup_dir
data/processed/youtube/frames7/frame_00094.jpg,youtube_frames7,tlVHButb9EM,94,93,unico,>=moderada,test_ordinal_youtube,youtube,youtube__frames7,media,pip_motorista_canto_sup_dir
data/processed/youtube/frames7/frame_00096.jpg,youtube_frames7,tlVHButb9EM,96,95,unico,>=moderada,test_ordinal_youtube,youtube,youtube__frames7,media,pip_motorista_canto_sup_dir
data/processed/youtube/frames7/frame_00097.jpg,youtube_frames7,tlVHButb9EM,97,96,unico,>=moderada,test_ordinal_youtube,youtube,youtube__frames7,media,pip_motorista_canto_sup_dir
data/processed/youtube/frames7/frame_00099.jpg,youtube_frames7,tlVHButb9EM,99,98,unico,>=moderada,test_ordinal_youtube,youtube,youtube__frames7,media,pip_motorista_canto_sup_dir
data/processed/youtube/frames7/frame_00100.jpg,youtube_frames7,tlVHButb9EM,100,99,unico,>=moderada,test_ordinal_youtube,youtube,youtube__frames7,media,pip_motorista_canto_sup_dir
data/processed/youtube/frames7/frame_00102.jpg,youtube_frames7,tlVHButb9EM,102,101,unico,>=moderada,test_ordinal_youtube,youtube,youtube__frames7,media,pip_motorista_canto_sup_dir
data/processed/youtube/frames7/frame_00104.jpg,youtube_frames7,tlVHButb9EM,104,103,unico,>=moderada,test_ordinal_youtube,youtube,youtube__frames7,media,pip_motorista_canto_sup_dir
data/processed/youtube/frames7/frame_00105.jpg,youtube_frames7,tlVHButb9EM,105,104,unico,>=moderada,test_ordinal_youtube,youtube,youtube__frames7,media,pip_motorista_canto_sup_dir
data/processed/youtube/frames7/frame_00107.jpg,youtube_frames7,tlVHButb9EM,107,106,unico,>=moderada,test_ordinal_youtube,youtube,youtube__frames7,media,pip_motorista_canto_sup_dir
data/processed/youtube/frames7/frame_00108.jpg,youtube_frames7,tlVHButb9EM,108,107,unico,>=moderada,test_ordinal_youtube,youtube,youtube__frames7,media,pip_motorista_canto_sup_dir
data/processed/youtube/frames7/frame_00110.jpg,youtube_frames7,tlVHButb9EM,110,109,unico,>=moderada,test_ordinal_youtube,youtube,youtube__frames7,media,pip_motorista_canto_sup_dir
data/processed/youtube/frames7/frame_00111.jpg,youtube_frames7,tlVHButb9EM,111,110,unico,>=moderada,test_ordinal_youtube,youtube,youtube__frames7,media,pip_motorista_canto_sup_dir
data/processed/youtube/frames7/frame_00113.jpg,youtube_frames7,tlVHButb9EM,113,112,unico,>=moderada,test_ordinal_youtube,youtube,youtube__frames7,media,pip_motorista_canto_sup_dir
data/processed/youtube/frames7/frame_00114.jpg,youtube_frames7,tlVHButb9EM,114,113,unico,>=moderada,test_ordinal_youtube,youtube,youtube__frames7,media,pip_motorista_canto_sup_dir
data/processed/youtube/frames7/frame_00116.jpg,youtube_frames7,tlVHButb9EM,116,115,unico,>=moderada,test_ordinal_youtube,youtube,youtube__frames7,media,pip_motorista_canto_sup_dir
data/processed/youtube/frames7/frame_00117.jpg,youtube_frames7,tlVHButb9EM,117,116,unico,>=moderada,test_ordinal_youtube,youtube,youtube__frames7,media,pip_motorista_canto_sup_dir
data/processed/youtube/frames7/frame_00119.jpg,youtube_frames7,tlVHButb9EM,119,118,unico,>=moderada,test_ordinal_youtube,youtube,youtube__frames7,media,pip_motorista_canto_sup_dir
data/processed/youtube/frames7/frame_00120.jpg,youtube_frames7,tlVHButb9EM,120,119,unico,>=moderada,test_ordinal_youtube,youtube,youtube__frames7,media,pip_motorista_canto_sup_dir
data/processed/youtube/frames7/frame_00122.jpg,youtube_frames7,tlVHButb9EM,122,121,unico,>=moderada,test_ordinal_youtube,youtube,youtube__frames7,media,pip_motorista_canto_sup_dir
data/processed/youtube/frames7/frame_00123.jpg,youtube_frames7,tlVHButb9EM,123,122,unico,>=moderada,test_ordinal_youtube,youtube,youtube__frames7,media,pip_motorista_canto_sup_dir
data/processed/youtube/frames7/frame_00125.jpg,youtube_frames7,tlVHButb9EM,125,124,unico,>=moderada,test_ordinal_youtube,youtube,youtube__frames7,media,pip_motorista_canto_sup_dir
data/processed/youtube/frames7/frame_00126.jpg,youtube_frames7,tlVHButb9EM,126,125,unico,>=moderada,test_ordinal_youtube,youtube,youtube__frames7,media,pip_motorista_canto_sup_dir
data/processed/youtube/frames7/frame_00128.jpg,youtube_frames7,tlVHButb9EM,128,127,unico,>=moderada,test_ordinal_youtube,youtube,youtube__frames7,media,pip_motorista_canto_sup_dir
data/processed/youtube/frames7/frame_00129.jpg,youtube_frames7,tlVHButb9EM,129,128,unico,>=moderada,test_ordinal_youtube,youtube,youtube__frames7,media,pip_motorista_canto_sup_dir
data/processed/youtube/frames7/frame_00131.jpg,youtube_frames7,tlVHButb9EM,131,130,unico,>=moderada,test_ordinal_youtube,youtube,youtube__frames7,media,pip_motorista_canto_sup_dir
data/processed/youtube/frames7/frame_00132.jpg,youtube_frames7,tlVHButb9EM,132,131,unico,>=moderada,test_ordinal_youtube,youtube,youtube__frames7,media,pip_motorista_canto_sup_dir
data/processed/youtube/frames7/frame_00134.jpg,youtube_frames7,tlVHButb9EM,134,133,unico,>=moderada,test_ordinal_youtube,youtube,youtube__frames7,media,pip_motorista_canto_sup_dir
data/processed/youtube/frames7/frame_00135.jpg,youtube_frames7,tlVHButb9EM,135,134,unico,>=moderada,test_ordinal_youtube,youtube,youtube__frames7,media,pip_motorista_canto_sup_dir
data/processed/youtube/frames7/frame_00137.jpg,youtube_frames7,tlVHButb9EM,137,136,unico,>=moderada,test_ordinal_youtube,youtube,youtube__frames7,media,pip_motorista_canto_sup_dir
data/processed/youtube/frames7/frame_00138.jpg,youtube_frames7,tlVHButb9EM,138,137,unico,>=moderada,test_ordinal_youtube,youtube,youtube__frames7,media,pip_motorista_canto_sup_dir
data/processed/youtube/frames7/frame_00140.jpg,youtube_frames7,tlVHButb9EM,140,139,unico,>=moderada,test_ordinal_youtube,youtube,youtube__frames7,media,pip_motorista_canto_sup_dir
data/processed/youtube/frames7/frame_00141.jpg,youtube_frames7,tlVHButb9EM,141,140,unico,>=moderada,test_ordinal_youtube,youtube,youtube__frames7,media,pip_motorista_canto_sup_dir
data/processed/youtube/frames7/frame_00143.jpg,youtube_frames7,tlVHButb9EM,143,142,unico,>=moderada,test_ordinal_youtube,youtube,youtube__frames7,media,pip_motorista_canto_sup_dir
data/processed/youtube/frames7/frame_00144.jpg,youtube_frames7,tlVHButb9EM,144,143,unico,>=moderada,test_ordinal_youtube,youtube,youtube__frames7,media,pip_motorista_canto_sup_dir
data/processed/youtube/frames7/frame_00146.jpg,youtube_frames7,tlVHButb9EM,146,145,unico,>=moderada,test_ordinal_youtube,youtube,youtube__frames7,media,pip_motorista_canto_sup_dir
data/processed/youtube/frames7/frame_00147.jpg,youtube_frames7,tlVHButb9EM,147,146,unico,>=moderada,test_ordinal_youtube,youtube,youtube__frames7,media,pip_motorista_canto_sup_dir
data/processed/youtube/frames7/frame_00149.jpg,youtube_frames7,tlVHButb9EM,149,148,unico,>=moderada,test_ordinal_youtube,youtube,youtube__frames7,media,pip_motorista_canto_sup_dir
data/processed/youtube/frames7/frame_00150.jpg,youtube_frames7,tlVHButb9EM,150,149,unico,>=moderada,test_ordinal_youtube,youtube,youtube__frames7,media,pip_motorista_canto_sup_dir
data/processed/youtube/frames7/frame_00152.jpg,youtube_frames7,tlVHButb9EM,152,151,unico,>=moderada,test_ordinal_youtube,youtube,youtube__frames7,media,pip_motorista_canto_sup_dir
data/processed/youtube/frames7/frame_00153.jpg,youtube_frames7,tlVHButb9EM,153,152,unico,>=moderada,test_ordinal_youtube,youtube,youtube__frames7,media,pip_motorista_canto_sup_dir
data/processed/youtube/frames7/frame_00155.jpg,youtube_frames7,tlVHButb9EM,155,154,unico,>=moderada,test_ordinal_youtube,youtube,youtube__frames7,media,pip_motorista_canto_sup_dir
data/processed/youtube/frames7/frame_00156.jpg,youtube_frames7,tlVHButb9EM,156,155,unico,>=moderada,test_ordinal_youtube,youtube,youtube__frames7,media,pip_motorista_canto_sup_dir
data/processed/youtube/frames7/frame_00158.jpg,youtube_frames7,tlVHButb9EM,158,157,unico,>=moderada,test_ordinal_youtube,youtube,youtube__frames7,media,pip_motorista_canto_sup_dir
data/processed/youtube/frames7/frame_00159.jpg,youtube_frames7,tlVHButb9EM,159,158,unico,>=moderada,test_ordinal_youtube,youtube,youtube__frames7,media,pip_motorista_canto_sup_dir
data/processed/youtube/frames7/frame_00161.jpg,youtube_frames7,tlVHButb9EM,161,160,unico,>=moderada,test_ordinal_youtube,youtube,youtube__frames7,media,pip_motorista_canto_sup_dir
data/processed/youtube/frames7/frame_00162.jpg,youtube_frames7,tlVHButb9EM,162,161,unico,>=moderada,test_ordinal_youtube,youtube,youtube__frames7,media,pip_motorista_canto_sup_dir
data/processed/youtube/frames7/frame_00164.jpg,youtube_frames7,tlVHButb9EM,164,163,unico,>=moderada,test_ordinal_youtube,youtube,youtube__frames7,media,pip_motorista_canto_sup_dir
data/processed/youtube/frames7/frame_00165.jpg,youtube_frames7,tlVHButb9EM,165,164,unico,>=moderada,test_ordinal_youtube,youtube,youtube__frames7,media,pip_motorista_canto_sup_dir
data/processed/youtube/frames7/frame_00167.jpg,youtube_frames7,tlVHButb9EM,167,166,unico,>=moderada,test_ordinal_youtube,youtube,youtube__frames7,media,pip_motorista_canto_sup_dir
data/processed/youtube/frames7/frame_00168.jpg,youtube_frames7,tlVHButb9EM,168,167,unico,>=moderada,test_ordinal_youtube,youtube,youtube__frames7,media,pip_motorista_canto_sup_dir
data/processed/youtube/frames7/frame_00170.jpg,youtube_frames7,tlVHButb9EM,170,169,unico,>=moderada,test_ordinal_youtube,youtube,youtube__frames7,media,pip_motorista_canto_sup_dir
data/processed/youtube/frames7/frame_00171.jpg,youtube_frames7,tlVHButb9EM,171,170,unico,>=moderada,test_ordinal_youtube,youtube,youtube__frames7,media,pip_motorista_canto_sup_dir
data/processed/youtube/frames7/frame_00173.jpg,youtube_frames7,tlVHButb9EM,173,172,unico,>=moderada,test_ordinal_youtube,youtube,youtube__frames7,media,pip_motorista_canto_sup_dir
data/processed/youtube/frames7/frame_00174.jpg,youtube_frames7,tlVHButb9EM,174,173,unico,>=moderada,test_ordinal_youtube,youtube,youtube__frames7,media,pip_motorista_canto_sup_dir
data/processed/youtube/frames7/frame_00176.jpg,youtube_frames7,tlVHButb9EM,176,175,unico,>=moderada,test_ordinal_youtube,youtube,youtube__frames7,media,pip_motorista_canto_sup_dir
data/processed/youtube/frames7/frame_00177.jpg,youtube_frames7,tlVHButb9EM,177,176,unico,>=moderada,test_ordinal_youtube,youtube,youtube__frames7,media,pip_motorista_canto_sup_dir
data/processed/youtube/frames7/frame_00179.jpg,youtube_frames7,tlVHButb9EM,179,178,unico,>=moderada,test_ordinal_youtube,youtube,youtube__frames7,media,pip_motorista_canto_sup_dir
data/processed/youtube/frames7/frame_00180.jpg,youtube_frames7,tlVHButb9EM,180,179,unico,>=moderada,test_ordinal_youtube,youtube,youtube__frames7,media,pip_motorista_canto_sup_dir
data/processed/youtube/frames7/frame_00182.jpg,youtube_frames7,tlVHButb9EM,182,181,unico,>=moderada,test_ordinal_youtube,youtube,youtube__frames7,media,pip_motorista_canto_sup_dir
data/processed/youtube/frames7/frame_00183.jpg,youtube_frames7,tlVHButb9EM,183,182,unico,>=moderada,test_ordinal_youtube,youtube,youtube__frames7,media,pip_motorista_canto_sup_dir
data/processed/youtube/frames7/frame_00185.jpg,youtube_frames7,tlVHButb9EM,185,184,unico,>=moderada,test_ordinal_youtube,youtube,youtube__frames7,media,pip_motorista_canto_sup_dir
data/processed/youtube/frames7/frame_00186.jpg,youtube_frames7,tlVHButb9EM,186,185,unico,>=moderada,test_ordinal_youtube,youtube,youtube__frames7,media,pip_motorista_canto_sup_dir
data/processed/youtube/frames7/frame_00188.jpg,youtube_frames7,tlVHButb9EM,188,187,unico,>=moderada,test_ordinal_youtube,youtube,youtube__frames7,media,pip_motorista_canto_sup_dir
data/processed/youtube/frames7/frame_00189.jpg,youtube_frames7,tlVHButb9EM,189,188,unico,>=moderada,test_ordinal_youtube,youtube,youtube__frames7,media,pip_motorista_canto_sup_dir
data/processed/youtube/frames7/frame_00191.jpg,youtube_frames7,tlVHButb9EM,191,190,unico,>=moderada,test_ordinal_youtube,youtube,youtube__frames7,media,pip_motorista_canto_sup_dir
data/processed/youtube/frames7/frame_00192.jpg,youtube_frames7,tlVHButb9EM,192,191,unico,>=moderada,test_ordinal_youtube,youtube,youtube__frames7,media,pip_motorista_canto_sup_dir
data/processed/youtube/frames7/frame_00194.jpg,youtube_frames7,tlVHButb9EM,194,193,unico,>=moderada,test_ordinal_youtube,youtube,youtube__frames7,media,pip_motorista_canto_sup_dir
data/processed/youtube/frames7/frame_00195.jpg,youtube_frames7,tlVHButb9EM,195,194,unico,>=moderada,test_ordinal_youtube,youtube,youtube__frames7,media,pip_motorista_canto_sup_dir
data/processed/youtube/frames7/frame_00197.jpg,youtube_frames7,tlVHButb9EM,197,196,unico,>=moderada,test_ordinal_youtube,youtube,youtube__frames7,media,pip_motorista_canto_sup_dir
data/processed/youtube/frames7/frame_00198.jpg,youtube_frames7,tlVHButb9EM,198,197,unico,>=moderada,test_ordinal_youtube,youtube,youtube__frames7,media,pip_motorista_canto_sup_dir
data/processed/youtube/frames7/frame_00200.jpg,youtube_frames7,tlVHButb9EM,200,199,unico,>=moderada,test_ordinal_youtube,youtube,youtube__frames7,media,pip_motorista_canto_sup_dir
data/processed/youtube/frames7/frame_00202.jpg,youtube_frames7,tlVHButb9EM,202,201,unico,>=moderada,test_ordinal_youtube,youtube,youtube__frames7,media,pip_motorista_canto_sup_dir
data/processed/youtube/frames7/frame_00203.jpg,youtube_frames7,tlVHButb9EM,203,202,unico,>=moderada,test_ordinal_youtube,youtube,youtube__frames7,media,pip_motorista_canto_sup_dir
data/processed/youtube/frames7/frame_00205.jpg,youtube_frames7,tlVHButb9EM,205,204,unico,>=moderada,test_ordinal_youtube,youtube,youtube__frames7,media,pip_motorista_canto_sup_dir
data/processed/youtube/frames7/frame_00206.jpg,youtube_frames7,tlVHButb9EM,206,205,unico,>=moderada,test_ordinal_youtube,youtube,youtube__frames7,media,pip_motorista_canto_sup_dir
data/processed/youtube/frames7/frame_00208.jpg,youtube_frames7,tlVHButb9EM,208,207,unico,>=moderada,test_ordinal_youtube,youtube,youtube__frames7,media,pip_motorista_canto_sup_dir
data/processed/youtube/frames7/frame_00209.jpg,youtube_frames7,tlVHButb9EM,209,208,unico,>=moderada,test_ordinal_youtube,youtube,youtube__frames7,media,pip_motorista_canto_sup_dir
data/processed/youtube/frames7/frame_00211.jpg,youtube_frames7,tlVHButb9EM,211,210,unico,>=moderada,test_ordinal_youtube,youtube,youtube__frames7,media,pip_motorista_canto_sup_dir
data/processed/youtube/frames7/frame_00212.jpg,youtube_frames7,tlVHButb9EM,212,211,unico,>=moderada,test_ordinal_youtube,youtube,youtube__frames7,media,pip_motorista_canto_sup_dir
data/processed/youtube/frames7/frame_00214.jpg,youtube_frames7,tlVHButb9EM,214,213,unico,>=moderada,test_ordinal_youtube,youtube,youtube__frames7,media,pip_motorista_canto_sup_dir
data/processed/youtube/frames7/frame_00215.jpg,youtube_frames7,tlVHButb9EM,215,214,unico,>=moderada,test_ordinal_youtube,youtube,youtube__frames7,media,pip_motorista_canto_sup_dir
data/processed/youtube/frames7/frame_00217.jpg,youtube_frames7,tlVHButb9EM,217,216,unico,>=moderada,test_ordinal_youtube,youtube,youtube__frames7,media,pip_motorista_canto_sup_dir
data/processed/youtube/frames7/frame_00218.jpg,youtube_frames7,tlVHButb9EM,218,217,unico,>=moderada,test_ordinal_youtube,youtube,youtube__frames7,media,pip_motorista_canto_sup_dir
data/processed/youtube/frames7/frame_00220.jpg,youtube_frames7,tlVHButb9EM,220,219,unico,>=moderada,test_ordinal_youtube,youtube,youtube__frames7,media,pip_motorista_canto_sup_dir
data/processed/youtube/frames7/frame_00221.jpg,youtube_frames7,tlVHButb9EM,221,220,unico,>=moderada,test_ordinal_youtube,youtube,youtube__frames7,media,pip_motorista_canto_sup_dir
data/processed/youtube/frames7/frame_00223.jpg,youtube_frames7,tlVHButb9EM,223,222,unico,>=moderada,test_ordinal_youtube,youtube,youtube__frames7,media,pip_motorista_canto_sup_dir
data/processed/youtube/frames7/frame_00224.jpg,youtube_frames7,tlVHButb9EM,224,223,unico,>=moderada,test_ordinal_youtube,youtube,youtube__frames7,media,pip_motorista_canto_sup_dir
data/processed/youtube/frames7/frame_00226.jpg,youtube_frames7,tlVHButb9EM,226,225,unico,>=moderada,test_ordinal_youtube,youtube,youtube__frames7,media,pip_motorista_canto_sup_dir
data/processed/youtube/frames7/frame_00227.jpg,youtube_frames7,tlVHButb9EM,227,226,unico,>=moderada,test_ordinal_youtube,youtube,youtube__frames7,media,pip_motorista_canto_sup_dir
data/processed/youtube/frames7/frame_00229.jpg,youtube_frames7,tlVHButb9EM,229,228,unico,>=moderada,test_ordinal_youtube,youtube,youtube__frames7,media,pip_motorista_canto_sup_dir
data/processed/youtube/frames7/frame_00230.jpg,youtube_frames7,tlVHButb9EM,230,229,unico,>=moderada,test_ordinal_youtube,youtube,youtube__frames7,media,pip_motorista_canto_sup_dir
data/processed/youtube/frames7/frame_00232.jpg,youtube_frames7,tlVHButb9EM,232,231,unico,>=moderada,test_ordinal_youtube,youtube,youtube__frames7,media,pip_motorista_canto_sup_dir
data/processed/youtube/frames7/frame_00233.jpg,youtube_frames7,tlVHButb9EM,233,232,unico,>=moderada,test_ordinal_youtube,youtube,youtube__frames7,media,pip_motorista_canto_sup_dir
data/processed/youtube/frames7/frame_00235.jpg,youtube_frames7,tlVHButb9EM,235,234,unico,>=moderada,test_ordinal_youtube,youtube,youtube__frames7,media,pip_motorista_canto_sup_dir
data/processed/youtube/frames7/frame_00236.jpg,youtube_frames7,tlVHButb9EM,236,235,unico,>=moderada,test_ordinal_youtube,youtube,youtube__frames7,media,pip_motorista_canto_sup_dir
data/processed/youtube/frames7/frame_00238.jpg,youtube_frames7,tlVHButb9EM,238,237,unico,>=moderada,test_ordinal_youtube,youtube,youtube__frames7,media,pip_motorista_canto_sup_dir
data/processed/youtube/frames7/frame_00239.jpg,youtube_frames7,tlVHButb9EM,239,238,unico,>=moderada,test_ordinal_youtube,youtube,youtube__frames7,media,pip_motorista_canto_sup_dir
data/processed/youtube/frames7/frame_00241.jpg,youtube_frames7,tlVHButb9EM,241,240,unico,>=moderada,test_ordinal_youtube,youtube,youtube__frames7,media,pip_motorista_canto_sup_dir
data/processed/youtube/frames7/frame_00242.jpg,youtube_frames7,tlVHButb9EM,242,241,unico,>=moderada,test_ordinal_youtube,youtube,youtube__frames7,media,pip_motorista_canto_sup_dir
data/processed/youtube/frames7/frame_00244.jpg,youtube_frames7,tlVHButb9EM,244,243,unico,>=moderada,test_ordinal_youtube,youtube,youtube__frames7,media,pip_motorista_canto_sup_dir
data/processed/youtube/frames7/frame_00245.jpg,youtube_frames7,tlVHButb9EM,245,244,unico,>=moderada,test_ordinal_youtube,youtube,youtube__frames7,media,pip_motorista_canto_sup_dir
data/processed/youtube/frames7/frame_00247.jpg,youtube_frames7,tlVHButb9EM,247,246,unico,>=moderada,test_ordinal_youtube,youtube,youtube__frames7,media,pip_motorista_canto_sup_dir
data/processed/youtube/frames7/frame_00248.jpg,youtube_frames7,tlVHButb9EM,248,247,unico,>=moderada,test_ordinal_youtube,youtube,youtube__frames7,media,pip_motorista_canto_sup_dir
data/processed/youtube/frames7/frame_00250.jpg,youtube_frames7,tlVHButb9EM,250,249,unico,>=moderada,test_ordinal_youtube,youtube,youtube__frames7,media,pip_motorista_canto_sup_dir
data/processed/youtube/frames7/frame_00251.jpg,youtube_frames7,tlVHButb9EM,251,250,unico,>=moderada,test_ordinal_youtube,youtube,youtube__frames7,media,pip_motorista_canto_sup_dir
data/processed/youtube/frames7/frame_00253.jpg,youtube_frames7,tlVHButb9EM,253,252,unico,>=moderada,test_ordinal_youtube,youtube,youtube__frames7,media,pip_motorista_canto_sup_dir
data/processed/youtube/frames7/frame_00254.jpg,youtube_frames7,tlVHButb9EM,254,253,unico,>=moderada,test_ordinal_youtube,youtube,youtube__frames7,media,pip_motorista_canto_sup_dir
data/processed/youtube/frames7/frame_00256.jpg,youtube_frames7,tlVHButb9EM,256,255,unico,>=moderada,test_ordinal_youtube,youtube,youtube__frames7,media,pip_motorista_canto_sup_dir
data/processed/youtube/frames7/frame_00257.jpg,youtube_frames7,tlVHButb9EM,257,256,unico,>=moderada,test_ordinal_youtube,youtube,youtube__frames7,media,pip_motorista_canto_sup_dir
data/processed/youtube/frames7/frame_00259.jpg,youtube_frames7,tlVHButb9EM,259,258,unico,>=moderada,test_ordinal_youtube,youtube,youtube__frames7,media,pip_motorista_canto_sup_dir
data/processed/youtube/frames7/frame_00260.jpg,youtube_frames7,tlVHButb9EM,260,259,unico,>=moderada,test_ordinal_youtube,youtube,youtube__frames7,media,pip_motorista_canto_sup_dir
data/processed/youtube/frames7/frame_00262.jpg,youtube_frames7,tlVHButb9EM,262,261,unico,>=moderada,test_ordinal_youtube,youtube,youtube__frames7,media,pip_motorista_canto_sup_dir
data/processed/youtube/frames7/frame_00263.jpg,youtube_frames7,tlVHButb9EM,263,262,unico,>=moderada,test_ordinal_youtube,youtube,youtube__frames7,media,pip_motorista_canto_sup_dir
data/processed/youtube/frames7/frame_00265.jpg,youtube_frames7,tlVHButb9EM,265,264,unico,>=moderada,test_ordinal_youtube,youtube,youtube__frames7,media,pip_motorista_canto_sup_dir
data/processed/youtube/frames7/frame_00266.jpg,youtube_frames7,tlVHButb9EM,266,265,unico,>=moderada,test_ordinal_youtube,youtube,youtube__frames7,media,pip_motorista_canto_sup_dir
data/processed/youtube/frames7/frame_00268.jpg,youtube_frames7,tlVHButb9EM,268,267,unico,>=moderada,test_ordinal_youtube,youtube,youtube__frames7,media,pip_motorista_canto_sup_dir
data/processed/youtube/frames7/frame_00269.jpg,youtube_frames7,tlVHButb9EM,269,268,unico,>=moderada,test_ordinal_youtube,youtube,youtube__frames7,media,pip_motorista_canto_sup_dir
data/processed/youtube/frames7/frame_00271.jpg,youtube_frames7,tlVHButb9EM,271,270,unico,>=moderada,test_ordinal_youtube,youtube,youtube__frames7,media,pip_motorista_canto_sup_dir
data/processed/youtube/frames7/frame_00272.jpg,youtube_frames7,tlVHButb9EM,272,271,unico,>=moderada,test_ordinal_youtube,youtube,youtube__frames7,media,pip_motorista_canto_sup_dir
data/processed/youtube/frames7/frame_00274.jpg,youtube_frames7,tlVHButb9EM,274,273,unico,>=moderada,test_ordinal_youtube,youtube,youtube__frames7,media,pip_motorista_canto_sup_dir
data/processed/youtube/frames7/frame_00275.jpg,youtube_frames7,tlVHButb9EM,275,274,unico,>=moderada,test_ordinal_youtube,youtube,youtube__frames7,media,pip_motorista_canto_sup_dir
data/processed/youtube/frames7/frame_00277.jpg,youtube_frames7,tlVHButb9EM,277,276,unico,>=moderada,test_ordinal_youtube,youtube,youtube__frames7,media,pip_motorista_canto_sup_dir
data/processed/youtube/frames7/frame_00278.jpg,youtube_frames7,tlVHButb9EM,278,277,unico,>=moderada,test_ordinal_youtube,youtube,youtube__frames7,media,pip_motorista_canto_sup_dir
data/processed/youtube/frames7/frame_00280.jpg,youtube_frames7,tlVHButb9EM,280,279,unico,>=moderada,test_ordinal_youtube,youtube,youtube__frames7,media,pip_motorista_canto_sup_dir
data/processed/youtube/frames7/frame_00281.jpg,youtube_frames7,tlVHButb9EM,281,280,unico,>=moderada,test_ordinal_youtube,youtube,youtube__frames7,media,pip_motorista_canto_sup_dir
data/processed/youtube/frames7/frame_00283.jpg,youtube_frames7,tlVHButb9EM,283,282,unico,>=moderada,test_ordinal_youtube,youtube,youtube__frames7,media,pip_motorista_canto_sup_dir
data/processed/youtube/frames7/frame_00284.jpg,youtube_frames7,tlVHButb9EM,284,283,unico,>=moderada,test_ordinal_youtube,youtube,youtube__frames7,media,pip_motorista_canto_sup_dir
data/processed/youtube/frames7/frame_00286.jpg,youtube_frames7,tlVHButb9EM,286,285,unico,>=moderada,test_ordinal_youtube,youtube,youtube__frames7,media,pip_motorista_canto_sup_dir
data/processed/youtube/frames7/frame_00287.jpg,youtube_frames7,tlVHButb9EM,287,286,unico,>=moderada,test_ordinal_youtube,youtube,youtube__frames7,media,pip_motorista_canto_sup_dir
data/processed/youtube/frames7/frame_00289.jpg,youtube_frames7,tlVHButb9EM,289,288,unico,>=moderada,test_ordinal_youtube,youtube,youtube__frames7,media,pip_motorista_canto_sup_dir
data/processed/youtube/frames7/frame_00290.jpg,youtube_frames7,tlVHButb9EM,290,289,unico,>=moderada,test_ordinal_youtube,youtube,youtube__frames7,media,pip_motorista_canto_sup_dir
data/processed/youtube/frames7/frame_00292.jpg,youtube_frames7,tlVHButb9EM,292,291,unico,>=moderada,test_ordinal_youtube,youtube,youtube__frames7,media,pip_motorista_canto_sup_dir
data/processed/youtube/frames7/frame_00293.jpg,youtube_frames7,tlVHButb9EM,293,292,unico,>=moderada,test_ordinal_youtube,youtube,youtube__frames7,media,pip_motorista_canto_sup_dir
data/processed/youtube/frames7/frame_00295.jpg,youtube_frames7,tlVHButb9EM,295,294,unico,>=moderada,test_ordinal_youtube,youtube,youtube__frames7,media,pip_motorista_canto_sup_dir
data/processed/youtube/frames7/frame_00296.jpg,youtube_frames7,tlVHButb9EM,296,295,unico,>=moderada,test_ordinal_youtube,youtube,youtube__frames7,media,pip_motorista_canto_sup_dir
data/processed/youtube/frames7/frame_00298.jpg,youtube_frames7,tlVHButb9EM,298,297,unico,>=moderada,test_ordinal_youtube,youtube,youtube__frames7,media,pip_motorista_canto_sup_dir
data/processed/youtube/frames7/frame_00299.jpg,youtube_frames7,tlVHButb9EM,299,298,unico,>=moderada,test_ordinal_youtube,youtube,youtube__frames7,media,pip_motorista_canto_sup_dir
data/processed/youtube/frames7/frame_00301.jpg,youtube_frames7,tlVHButb9EM,301,300,unico,>=moderada,test_ordinal_youtube,youtube,youtube__frames7,media,pip_motorista_canto_sup_dir
data/processed/youtube/frames8/frame_00001.jpg,youtube_frames8,mjtVs2E4zPg,1,0,unico,>=moderada,test_ordinal_youtube,youtube,youtube__frames8,alta,
data/processed/youtube/frames8/frame_00005.jpg,youtube_frames8,mjtVs2E4zPg,5,4,unico,>=moderada,test_ordinal_youtube,youtube,youtube__frames8,alta,
data/processed/youtube/frames8/frame_00009.jpg,youtube_frames8,mjtVs2E4zPg,9,8,unico,>=moderada,test_ordinal_youtube,youtube,youtube__frames8,alta,
data/processed/youtube/frames8/frame_00013.jpg,youtube_frames8,mjtVs2E4zPg,13,12,unico,>=moderada,test_ordinal_youtube,youtube,youtube__frames8,alta,
data/processed/youtube/frames8/frame_00017.jpg,youtube_frames8,mjtVs2E4zPg,17,16,unico,>=moderada,test_ordinal_youtube,youtube,youtube__frames8,alta,
data/processed/youtube/frames8/frame_00022.jpg,youtube_frames8,mjtVs2E4zPg,22,21,unico,>=moderada,test_ordinal_youtube,youtube,youtube__frames8,alta,
data/processed/youtube/frames8/frame_00026.jpg,youtube_frames8,mjtVs2E4zPg,26,25,unico,>=moderada,test_ordinal_youtube,youtube,youtube__frames8,alta,
data/processed/youtube/frames8/frame_00030.jpg,youtube_frames8,mjtVs2E4zPg,30,29,unico,>=moderada,test_ordinal_youtube,youtube,youtube__frames8,alta,
data/processed/youtube/frames8/frame_00034.jpg,youtube_frames8,mjtVs2E4zPg,34,33,unico,>=moderada,test_ordinal_youtube,youtube,youtube__frames8,alta,
data/processed/youtube/frames8/frame_00038.jpg,youtube_frames8,mjtVs2E4zPg,38,37,unico,>=moderada,test_ordinal_youtube,youtube,youtube__frames8,alta,
data/processed/youtube/frames8/frame_00042.jpg,youtube_frames8,mjtVs2E4zPg,42,41,unico,>=moderada,test_ordinal_youtube,youtube,youtube__frames8,alta,
data/processed/youtube/frames8/frame_00046.jpg,youtube_frames8,mjtVs2E4zPg,46,45,unico,>=moderada,test_ordinal_youtube,youtube,youtube__frames8,alta,
data/processed/youtube/frames8/frame_00050.jpg,youtube_frames8,mjtVs2E4zPg,50,49,unico,>=moderada,test_ordinal_youtube,youtube,youtube__frames8,alta,
data/processed/youtube/frames8/frame_00054.jpg,youtube_frames8,mjtVs2E4zPg,54,53,unico,>=moderada,test_ordinal_youtube,youtube,youtube__frames8,alta,
data/processed/youtube/frames8/frame_00058.jpg,youtube_frames8,mjtVs2E4zPg,58,57,unico,>=moderada,test_ordinal_youtube,youtube,youtube__frames8,alta,
data/processed/youtube/frames8/frame_00063.jpg,youtube_frames8,mjtVs2E4zPg,63,62,unico,>=moderada,test_ordinal_youtube,youtube,youtube__frames8,alta,
data/processed/youtube/frames8/frame_00067.jpg,youtube_frames8,mjtVs2E4zPg,67,66,unico,>=moderada,test_ordinal_youtube,youtube,youtube__frames8,alta,
data/processed/youtube/frames8/frame_00071.jpg,youtube_frames8,mjtVs2E4zPg,71,70,unico,>=moderada,test_ordinal_youtube,youtube,youtube__frames8,alta,
data/processed/youtube/frames8/frame_00075.jpg,youtube_frames8,mjtVs2E4zPg,75,74,unico,>=moderada,test_ordinal_youtube,youtube,youtube__frames8,alta,
data/processed/youtube/frames8/frame_00079.jpg,youtube_frames8,mjtVs2E4zPg,79,78,unico,>=moderada,test_ordinal_youtube,youtube,youtube__frames8,alta,
data/processed/youtube/frames8/frame_00083.jpg,youtube_frames8,mjtVs2E4zPg,83,82,unico,>=moderada,test_ordinal_youtube,youtube,youtube__frames8,alta,
data/processed/youtube/frames8/frame_00087.jpg,youtube_frames8,mjtVs2E4zPg,87,86,unico,>=moderada,test_ordinal_youtube,youtube,youtube__frames8,alta,
data/processed/youtube/frames8/frame_00091.jpg,youtube_frames8,mjtVs2E4zPg,91,90,unico,>=moderada,test_ordinal_youtube,youtube,youtube__frames8,alta,
data/processed/youtube/frames8/frame_00095.jpg,youtube_frames8,mjtVs2E4zPg,95,94,unico,>=moderada,test_ordinal_youtube,youtube,youtube__frames8,alta,
data/processed/youtube/frames8/frame_00100.jpg,youtube_frames8,mjtVs2E4zPg,100,99,unico,>=moderada,test_ordinal_youtube,youtube,youtube__frames8,alta,
data/processed/youtube/frames8/frame_00104.jpg,youtube_frames8,mjtVs2E4zPg,104,103,unico,>=moderada,test_ordinal_youtube,youtube,youtube__frames8,alta,
data/processed/youtube/frames8/frame_00108.jpg,youtube_frames8,mjtVs2E4zPg,108,107,unico,>=moderada,test_ordinal_youtube,youtube,youtube__frames8,alta,
data/processed/youtube/frames8/frame_00112.jpg,youtube_frames8,mjtVs2E4zPg,112,111,unico,>=moderada,test_ordinal_youtube,youtube,youtube__frames8,alta,
data/processed/youtube/frames8/frame_00116.jpg,youtube_frames8,mjtVs2E4zPg,116,115,unico,>=moderada,test_ordinal_youtube,youtube,youtube__frames8,alta,
data/processed/youtube/frames8/frame_00120.jpg,youtube_frames8,mjtVs2E4zPg,120,119,unico,>=moderada,test_ordinal_youtube,youtube,youtube__frames8,alta,
data/processed/youtube/frames8/frame_00124.jpg,youtube_frames8,mjtVs2E4zPg,124,123,unico,>=moderada,test_ordinal_youtube,youtube,youtube__frames8,alta,
data/processed/youtube/frames8/frame_00128.jpg,youtube_frames8,mjtVs2E4zPg,128,127,unico,>=moderada,test_ordinal_youtube,youtube,youtube__frames8,alta,
data/processed/youtube/frames8/frame_00132.jpg,youtube_frames8,mjtVs2E4zPg,132,131,unico,>=moderada,test_ordinal_youtube,youtube,youtube__frames8,alta,
data/processed/youtube/frames8/frame_00136.jpg,youtube_frames8,mjtVs2E4zPg,136,135,unico,>=moderada,test_ordinal_youtube,youtube,youtube__frames8,alta,
data/processed/youtube/frames8/frame_00141.jpg,youtube_frames8,mjtVs2E4zPg,141,140,unico,>=moderada,test_ordinal_youtube,youtube,youtube__frames8,alta,
data/processed/youtube/frames8/frame_00145.jpg,youtube_frames8,mjtVs2E4zPg,145,144,unico,>=moderada,test_ordinal_youtube,youtube,youtube__frames8,alta,
data/processed/youtube/frames8/frame_00149.jpg,youtube_frames8,mjtVs2E4zPg,149,148,unico,>=moderada,test_ordinal_youtube,youtube,youtube__frames8,alta,
data/processed/youtube/frames8/frame_00153.jpg,youtube_frames8,mjtVs2E4zPg,153,152,unico,>=moderada,test_ordinal_youtube,youtube,youtube__frames8,alta,
data/processed/youtube/frames8/frame_00157.jpg,youtube_frames8,mjtVs2E4zPg,157,156,unico,>=moderada,test_ordinal_youtube,youtube,youtube__frames8,alta,
data/processed/youtube/frames8/frame_00161.jpg,youtube_frames8,mjtVs2E4zPg,161,160,unico,>=moderada,test_ordinal_youtube,youtube,youtube__frames8,alta,
data/processed/youtube/frames8/frame_00165.jpg,youtube_frames8,mjtVs2E4zPg,165,164,unico,>=moderada,test_ordinal_youtube,youtube,youtube__frames8,alta,
data/processed/youtube/frames8/frame_00169.jpg,youtube_frames8,mjtVs2E4zPg,169,168,unico,>=moderada,test_ordinal_youtube,youtube,youtube__frames8,alta,
data/processed/youtube/frames8/frame_00173.jpg,youtube_frames8,mjtVs2E4zPg,173,172,unico,>=moderada,test_ordinal_youtube,youtube,youtube__frames8,alta,
data/processed/youtube/frames8/frame_00178.jpg,youtube_frames8,mjtVs2E4zPg,178,177,unico,>=moderada,test_ordinal_youtube,youtube,youtube__frames8,alta,
data/processed/youtube/frames8/frame_00182.jpg,youtube_frames8,mjtVs2E4zPg,182,181,unico,>=moderada,test_ordinal_youtube,youtube,youtube__frames8,alta,
data/processed/youtube/frames8/frame_00186.jpg,youtube_frames8,mjtVs2E4zPg,186,185,unico,>=moderada,test_ordinal_youtube,youtube,youtube__frames8,alta,
data/processed/youtube/frames8/frame_00190.jpg,youtube_frames8,mjtVs2E4zPg,190,189,unico,>=moderada,test_ordinal_youtube,youtube,youtube__frames8,alta,
data/processed/youtube/frames8/frame_00194.jpg,youtube_frames8,mjtVs2E4zPg,194,193,unico,>=moderada,test_ordinal_youtube,youtube,youtube__frames8,alta,
data/processed/youtube/frames8/frame_00198.jpg,youtube_frames8,mjtVs2E4zPg,198,197,unico,>=moderada,test_ordinal_youtube,youtube,youtube__frames8,alta,
data/processed/youtube/frames8/frame_00202.jpg,youtube_frames8,mjtVs2E4zPg,202,201,unico,>=moderada,test_ordinal_youtube,youtube,youtube__frames8,alta,
data/processed/youtube/frames8/frame_00206.jpg,youtube_frames8,mjtVs2E4zPg,206,205,unico,>=moderada,test_ordinal_youtube,youtube,youtube__frames8,alta,
data/processed/youtube/frames8/frame_00210.jpg,youtube_frames8,mjtVs2E4zPg,210,209,unico,>=moderada,test_ordinal_youtube,youtube,youtube__frames8,alta,
data/processed/youtube/frames8/frame_00214.jpg,youtube_frames8,mjtVs2E4zPg,214,213,unico,>=moderada,test_ordinal_youtube,youtube,youtube__frames8,alta,
data/processed/youtube/frames8/frame_00219.jpg,youtube_frames8,mjtVs2E4zPg,219,218,unico,>=moderada,test_ordinal_youtube,youtube,youtube__frames8,alta,
data/processed/youtube/frames8/frame_00223.jpg,youtube_frames8,mjtVs2E4zPg,223,222,unico,>=moderada,test_ordinal_youtube,youtube,youtube__frames8,alta,
data/processed/youtube/frames8/frame_00227.jpg,youtube_frames8,mjtVs2E4zPg,227,226,unico,>=moderada,test_ordinal_youtube,youtube,youtube__frames8,alta,
data/processed/youtube/frames8/frame_00231.jpg,youtube_frames8,mjtVs2E4zPg,231,230,unico,>=moderada,test_ordinal_youtube,youtube,youtube__frames8,alta,
data/processed/youtube/frames8/frame_00235.jpg,youtube_frames8,mjtVs2E4zPg,235,234,unico,>=moderada,test_ordinal_youtube,youtube,youtube__frames8,alta,
data/processed/youtube/frames8/frame_00239.jpg,youtube_frames8,mjtVs2E4zPg,239,238,unico,>=moderada,test_ordinal_youtube,youtube,youtube__frames8,alta,
data/processed/youtube/frames8/frame_00243.jpg,youtube_frames8,mjtVs2E4zPg,243,242,unico,>=moderada,test_ordinal_youtube,youtube,youtube__frames8,alta,
data/processed/youtube/frames8/frame_00247.jpg,youtube_frames8,mjtVs2E4zPg,247,246,unico,>=moderada,test_ordinal_youtube,youtube,youtube__frames8,alta,
data/processed/youtube/frames8/frame_00251.jpg,youtube_frames8,mjtVs2E4zPg,251,250,unico,>=moderada,test_ordinal_youtube,youtube,youtube__frames8,alta,
data/processed/youtube/frames8/frame_00256.jpg,youtube_frames8,mjtVs2E4zPg,256,255,unico,>=moderada,test_ordinal_youtube,youtube,youtube__frames8,alta,
data/processed/youtube/frames8/frame_00260.jpg,youtube_frames8,mjtVs2E4zPg,260,259,unico,>=moderada,test_ordinal_youtube,youtube,youtube__frames8,alta,
data/processed/youtube/frames8/frame_00264.jpg,youtube_frames8,mjtVs2E4zPg,264,263,unico,>=moderada,test_ordinal_youtube,youtube,youtube__frames8,alta,
data/processed/youtube/frames8/frame_00268.jpg,youtube_frames8,mjtVs2E4zPg,268,267,unico,>=moderada,test_ordinal_youtube,youtube,youtube__frames8,alta,
data/processed/youtube/frames8/frame_00272.jpg,youtube_frames8,mjtVs2E4zPg,272,271,unico,>=moderada,test_ordinal_youtube,youtube,youtube__frames8,alta,
data/processed/youtube/frames8/frame_00276.jpg,youtube_frames8,mjtVs2E4zPg,276,275,unico,>=moderada,test_ordinal_youtube,youtube,youtube__frames8,alta,
data/processed/youtube/frames8/frame_00280.jpg,youtube_frames8,mjtVs2E4zPg,280,279,unico,>=moderada,test_ordinal_youtube,youtube,youtube__frames8,alta,
data/processed/youtube/frames8/frame_00284.jpg,youtube_frames8,mjtVs2E4zPg,284,283,unico,>=moderada,test_ordinal_youtube,youtube,youtube__frames8,alta,
data/processed/youtube/frames8/frame_00288.jpg,youtube_frames8,mjtVs2E4zPg,288,287,unico,>=moderada,test_ordinal_youtube,youtube,youtube__frames8,alta,
data/processed/youtube/frames8/frame_00292.jpg,youtube_frames8,mjtVs2E4zPg,292,291,unico,>=moderada,test_ordinal_youtube,youtube,youtube__frames8,alta,
data/processed/youtube/frames8/frame_00297.jpg,youtube_frames8,mjtVs2E4zPg,297,296,unico,>=moderada,test_ordinal_youtube,youtube,youtube__frames8,alta,
data/processed/youtube/frames8/frame_00301.jpg,youtube_frames8,mjtVs2E4zPg,301,300,unico,>=moderada,test_ordinal_youtube,youtube,youtube__frames8,alta,
data/processed/youtube/frames8/frame_00305.jpg,youtube_frames8,mjtVs2E4zPg,305,304,unico,>=moderada,test_ordinal_youtube,youtube,youtube__frames8,alta,
data/processed/youtube/frames8/frame_00309.jpg,youtube_frames8,mjtVs2E4zPg,309,308,unico,>=moderada,test_ordinal_youtube,youtube,youtube__frames8,alta,
data/processed/youtube/frames8/frame_00313.jpg,youtube_frames8,mjtVs2E4zPg,313,312,unico,>=moderada,test_ordinal_youtube,youtube,youtube__frames8,alta,
data/processed/youtube/frames8/frame_00317.jpg,youtube_frames8,mjtVs2E4zPg,317,316,unico,>=moderada,test_ordinal_youtube,youtube,youtube__frames8,alta,
data/processed/youtube/frames8/frame_00321.jpg,youtube_frames8,mjtVs2E4zPg,321,320,unico,>=moderada,test_ordinal_youtube,youtube,youtube__frames8,alta,
data/processed/youtube/frames8/frame_00325.jpg,youtube_frames8,mjtVs2E4zPg,325,324,unico,>=moderada,test_ordinal_youtube,youtube,youtube__frames8,alta,
data/processed/youtube/frames8/frame_00329.jpg,youtube_frames8,mjtVs2E4zPg,329,328,unico,>=moderada,test_ordinal_youtube,youtube,youtube__frames8,alta,
data/processed/youtube/frames8/frame_00334.jpg,youtube_frames8,mjtVs2E4zPg,334,333,unico,>=moderada,test_ordinal_youtube,youtube,youtube__frames8,alta,
data/processed/youtube/frames8/frame_00338.jpg,youtube_frames8,mjtVs2E4zPg,338,337,unico,>=moderada,test_ordinal_youtube,youtube,youtube__frames8,alta,
data/processed/youtube/frames8/frame_00342.jpg,youtube_frames8,mjtVs2E4zPg,342,341,unico,>=moderada,test_ordinal_youtube,youtube,youtube__frames8,alta,
data/processed/youtube/frames8/frame_00346.jpg,youtube_frames8,mjtVs2E4zPg,346,345,unico,>=moderada,test_ordinal_youtube,youtube,youtube__frames8,alta,
data/processed/youtube/frames8/frame_00350.jpg,youtube_frames8,mjtVs2E4zPg,350,349,unico,>=moderada,test_ordinal_youtube,youtube,youtube__frames8,alta,
data/processed/youtube/frames8/frame_00354.jpg,youtube_frames8,mjtVs2E4zPg,354,353,unico,>=moderada,test_ordinal_youtube,youtube,youtube__frames8,alta,
data/processed/youtube/frames8/frame_00358.jpg,youtube_frames8,mjtVs2E4zPg,358,357,unico,>=moderada,test_ordinal_youtube,youtube,youtube__frames8,alta,
data/processed/youtube/frames8/frame_00362.jpg,youtube_frames8,mjtVs2E4zPg,362,361,unico,>=moderada,test_ordinal_youtube,youtube,youtube__frames8,alta,
data/processed/youtube/frames8/frame_00366.jpg,youtube_frames8,mjtVs2E4zPg,366,365,unico,>=moderada,test_ordinal_youtube,youtube,youtube__frames8,alta,
data/processed/youtube/frames8/frame_00370.jpg,youtube_frames8,mjtVs2E4zPg,370,369,unico,>=moderada,test_ordinal_youtube,youtube,youtube__frames8,alta,
data/processed/youtube/frames8/frame_00375.jpg,youtube_frames8,mjtVs2E4zPg,375,374,unico,>=moderada,test_ordinal_youtube,youtube,youtube__frames8,alta,
data/processed/youtube/frames8/frame_00379.jpg,youtube_frames8,mjtVs2E4zPg,379,378,unico,>=moderada,test_ordinal_youtube,youtube,youtube__frames8,alta,
data/processed/youtube/frames8/frame_00383.jpg,youtube_frames8,mjtVs2E4zPg,383,382,unico,>=moderada,test_ordinal_youtube,youtube,youtube__frames8,alta,
data/processed/youtube/frames8/frame_00387.jpg,youtube_frames8,mjtVs2E4zPg,387,386,unico,>=moderada,test_ordinal_youtube,youtube,youtube__frames8,alta,
data/processed/youtube/frames8/frame_00391.jpg,youtube_frames8,mjtVs2E4zPg,391,390,unico,>=moderada,test_ordinal_youtube,youtube,youtube__frames8,alta,
data/processed/youtube/frames8/frame_00395.jpg,youtube_frames8,mjtVs2E4zPg,395,394,unico,>=moderada,test_ordinal_youtube,youtube,youtube__frames8,alta,
data/processed/youtube/frames8/frame_00399.jpg,youtube_frames8,mjtVs2E4zPg,399,398,unico,>=moderada,test_ordinal_youtube,youtube,youtube__frames8,alta,
data/processed/youtube/frames8/frame_00403.jpg,youtube_frames8,mjtVs2E4zPg,403,402,unico,>=moderada,test_ordinal_youtube,youtube,youtube__frames8,alta,
data/processed/youtube/frames8/frame_00407.jpg,youtube_frames8,mjtVs2E4zPg,407,406,unico,>=moderada,test_ordinal_youtube,youtube,youtube__frames8,alta,
data/processed/youtube/frames8/frame_00412.jpg,youtube_frames8,mjtVs2E4zPg,412,411,unico,>=moderada,test_ordinal_youtube,youtube,youtube__frames8,alta,
data/processed/youtube/frames8/frame_00416.jpg,youtube_frames8,mjtVs2E4zPg,416,415,unico,>=moderada,test_ordinal_youtube,youtube,youtube__frames8,alta,
data/processed/youtube/frames8/frame_00420.jpg,youtube_frames8,mjtVs2E4zPg,420,419,unico,>=moderada,test_ordinal_youtube,youtube,youtube__frames8,alta,
data/processed/youtube/frames8/frame_00424.jpg,youtube_frames8,mjtVs2E4zPg,424,423,unico,>=moderada,test_ordinal_youtube,youtube,youtube__frames8,alta,
data/processed/youtube/frames8/frame_00428.jpg,youtube_frames8,mjtVs2E4zPg,428,427,unico,>=moderada,test_ordinal_youtube,youtube,youtube__frames8,alta,
data/processed/youtube/frames8/frame_00432.jpg,youtube_frames8,mjtVs2E4zPg,432,431,unico,>=moderada,test_ordinal_youtube,youtube,youtube__frames8,alta,
data/processed/youtube/frames8/frame_00436.jpg,youtube_frames8,mjtVs2E4zPg,436,435,unico,>=moderada,test_ordinal_youtube,youtube,youtube__frames8,alta,
data/processed/youtube/frames8/frame_00440.jpg,youtube_frames8,mjtVs2E4zPg,440,439,unico,>=moderada,test_ordinal_youtube,youtube,youtube__frames8,alta,
data/processed/youtube/frames8/frame_00444.jpg,youtube_frames8,mjtVs2E4zPg,444,443,unico,>=moderada,test_ordinal_youtube,youtube,youtube__frames8,alta,
data/processed/youtube/frames8/frame_00449.jpg,youtube_frames8,mjtVs2E4zPg,449,448,unico,>=moderada,test_ordinal_youtube,youtube,youtube__frames8,alta,
data/processed/youtube/frames8/frame_00453.jpg,youtube_frames8,mjtVs2E4zPg,453,452,unico,>=moderada,test_ordinal_youtube,youtube,youtube__frames8,alta,
data/processed/youtube/frames8/frame_00457.jpg,youtube_frames8,mjtVs2E4zPg,457,456,unico,>=moderada,test_ordinal_youtube,youtube,youtube__frames8,alta,
data/processed/youtube/frames8/frame_00461.jpg,youtube_frames8,mjtVs2E4zPg,461,460,unico,>=moderada,test_ordinal_youtube,youtube,youtube__frames8,alta,
data/processed/youtube/frames8/frame_00465.jpg,youtube_frames8,mjtVs2E4zPg,465,464,unico,>=moderada,test_ordinal_youtube,youtube,youtube__frames8,alta,
data/processed/youtube/frames8/frame_00469.jpg,youtube_frames8,mjtVs2E4zPg,469,468,unico,>=moderada,test_ordinal_youtube,youtube,youtube__frames8,alta,
data/processed/youtube/frames8/frame_00473.jpg,youtube_frames8,mjtVs2E4zPg,473,472,unico,>=moderada,test_ordinal_youtube,youtube,youtube__frames8,alta,
data/processed/youtube/frames8/frame_00477.jpg,youtube_frames8,mjtVs2E4zPg,477,476,unico,>=moderada,test_ordinal_youtube,youtube,youtube__frames8,alta,
data/processed/youtube/frames8/frame_00481.jpg,youtube_frames8,mjtVs2E4zPg,481,480,unico,>=moderada,test_ordinal_youtube,youtube,youtube__frames8,alta,
data/processed/youtube/frames8/frame_00485.jpg,youtube_frames8,mjtVs2E4zPg,485,484,unico,>=moderada,test_ordinal_youtube,youtube,youtube__frames8,alta,
data/processed/youtube/frames8/frame_00490.jpg,youtube_frames8,mjtVs2E4zPg,490,489,unico,>=moderada,test_ordinal_youtube,youtube,youtube__frames8,alta,
data/processed/youtube/frames8/frame_00494.jpg,youtube_frames8,mjtVs2E4zPg,494,493,unico,>=moderada,test_ordinal_youtube,youtube,youtube__frames8,alta,
data/processed/youtube/frames8/frame_00498.jpg,youtube_frames8,mjtVs2E4zPg,498,497,unico,>=moderada,test_ordinal_youtube,youtube,youtube__frames8,alta,
data/processed/youtube/frames8/frame_00502.jpg,youtube_frames8,mjtVs2E4zPg,502,501,unico,>=moderada,test_ordinal_youtube,youtube,youtube__frames8,alta,
data/processed/youtube/frames8/frame_00506.jpg,youtube_frames8,mjtVs2E4zPg,506,505,unico,>=moderada,test_ordinal_youtube,youtube,youtube__frames8,alta,
data/processed/youtube/frames8/frame_00510.jpg,youtube_frames8,mjtVs2E4zPg,510,509,unico,>=moderada,test_ordinal_youtube,youtube,youtube__frames8,alta,
data/processed/youtube/frames8/frame_00514.jpg,youtube_frames8,mjtVs2E4zPg,514,513,unico,>=moderada,test_ordinal_youtube,youtube,youtube__frames8,alta,
data/processed/youtube/frames8/frame_00518.jpg,youtube_frames8,mjtVs2E4zPg,518,517,unico,>=moderada,test_ordinal_youtube,youtube,youtube__frames8,alta,
data/processed/youtube/frames8/frame_00522.jpg,youtube_frames8,mjtVs2E4zPg,522,521,unico,>=moderada,test_ordinal_youtube,youtube,youtube__frames8,alta,
data/processed/youtube/frames8/frame_00527.jpg,youtube_frames8,mjtVs2E4zPg,527,526,unico,>=moderada,test_ordinal_youtube,youtube,youtube__frames8,alta,
data/processed/youtube/frames8/frame_00531.jpg,youtube_frames8,mjtVs2E4zPg,531,530,unico,>=moderada,test_ordinal_youtube,youtube,youtube__frames8,alta,
data/processed/youtube/frames8/frame_00535.jpg,youtube_frames8,mjtVs2E4zPg,535,534,unico,>=moderada,test_ordinal_youtube,youtube,youtube__frames8,alta,
data/processed/youtube/frames8/frame_00539.jpg,youtube_frames8,mjtVs2E4zPg,539,538,unico,>=moderada,test_ordinal_youtube,youtube,youtube__frames8,alta,
data/processed/youtube/frames8/frame_00543.jpg,youtube_frames8,mjtVs2E4zPg,543,542,unico,>=moderada,test_ordinal_youtube,youtube,youtube__frames8,alta,
data/processed/youtube/frames8/frame_00547.jpg,youtube_frames8,mjtVs2E4zPg,547,546,unico,>=moderada,test_ordinal_youtube,youtube,youtube__frames8,alta,
data/processed/youtube/frames8/frame_00551.jpg,youtube_frames8,mjtVs2E4zPg,551,550,unico,>=moderada,test_ordinal_youtube,youtube,youtube__frames8,alta,
data/processed/youtube/frames8/frame_00555.jpg,youtube_frames8,mjtVs2E4zPg,555,554,unico,>=moderada,test_ordinal_youtube,youtube,youtube__frames8,alta,
data/processed/youtube/frames8/frame_00559.jpg,youtube_frames8,mjtVs2E4zPg,559,558,unico,>=moderada,test_ordinal_youtube,youtube,youtube__frames8,alta,
data/processed/youtube/frames8/frame_00563.jpg,youtube_frames8,mjtVs2E4zPg,563,562,unico,>=moderada,test_ordinal_youtube,youtube,youtube__frames8,alta,
data/processed/youtube/frames8/frame_00568.jpg,youtube_frames8,mjtVs2E4zPg,568,567,unico,>=moderada,test_ordinal_youtube,youtube,youtube__frames8,alta,
data/processed/youtube/frames8/frame_00572.jpg,youtube_frames8,mjtVs2E4zPg,572,571,unico,>=moderada,test_ordinal_youtube,youtube,youtube__frames8,alta,
data/processed/youtube/frames8/frame_00576.jpg,youtube_frames8,mjtVs2E4zPg,576,575,unico,>=moderada,test_ordinal_youtube,youtube,youtube__frames8,alta,
data/processed/youtube/frames8/frame_00580.jpg,youtube_frames8,mjtVs2E4zPg,580,579,unico,>=moderada,test_ordinal_youtube,youtube,youtube__frames8,alta,
data/processed/youtube/frames8/frame_00584.jpg,youtube_frames8,mjtVs2E4zPg,584,583,unico,>=moderada,test_ordinal_youtube,youtube,youtube__frames8,alta,
data/processed/youtube/frames8/frame_00588.jpg,youtube_frames8,mjtVs2E4zPg,588,587,unico,>=moderada,test_ordinal_youtube,youtube,youtube__frames8,alta,
data/processed/youtube/frames8/frame_00592.jpg,youtube_frames8,mjtVs2E4zPg,592,591,unico,>=moderada,test_ordinal_youtube,youtube,youtube__frames8,alta,
data/processed/youtube/frames8/frame_00596.jpg,youtube_frames8,mjtVs2E4zPg,596,595,unico,>=moderada,test_ordinal_youtube,youtube,youtube__frames8,alta,
data/processed/youtube/frames8/frame_00600.jpg,youtube_frames8,mjtVs2E4zPg,600,599,unico,>=moderada,test_ordinal_youtube,youtube,youtube__frames8,alta,
data/processed/youtube/frames8/frame_00605.jpg,youtube_frames8,mjtVs2E4zPg,605,604,unico,>=moderada,test_ordinal_youtube,youtube,youtube__frames8,alta,
data/processed/youtube/frames8/frame_00609.jpg,youtube_frames8,mjtVs2E4zPg,609,608,unico,>=moderada,test_ordinal_youtube,youtube,youtube__frames8,alta,
data/processed/youtube/frames8/frame_00613.jpg,youtube_frames8,mjtVs2E4zPg,613,612,unico,>=moderada,test_ordinal_youtube,youtube,youtube__frames8,alta,
data/processed/youtube/frames8/frame_00617.jpg,youtube_frames8,mjtVs2E4zPg,617,616,unico,>=moderada,test_ordinal_youtube,youtube,youtube__frames8,alta,
data/processed/youtube/frames8/frame_00621.jpg,youtube_frames8,mjtVs2E4zPg,621,620,unico,>=moderada,test_ordinal_youtube,youtube,youtube__frames8,alta,
data/processed/youtube/frames8/frame_00625.jpg,youtube_frames8,mjtVs2E4zPg,625,624,unico,>=moderada,test_ordinal_youtube,youtube,youtube__frames8,alta,
data/processed/youtube/frames8/frame_00629.jpg,youtube_frames8,mjtVs2E4zPg,629,628,unico,>=moderada,test_ordinal_youtube,youtube,youtube__frames8,alta,
data/processed/youtube/frames8/frame_00633.jpg,youtube_frames8,mjtVs2E4zPg,633,632,unico,>=moderada,test_ordinal_youtube,youtube,youtube__frames8,alta,
data/processed/youtube/frames8/frame_00637.jpg,youtube_frames8,mjtVs2E4zPg,637,636,unico,>=moderada,test_ordinal_youtube,youtube,youtube__frames8,alta,
data/processed/youtube/frames8/frame_00641.jpg,youtube_frames8,mjtVs2E4zPg,641,640,unico,>=moderada,test_ordinal_youtube,youtube,youtube__frames8,alta,
data/processed/youtube/frames8/frame_00646.jpg,youtube_frames8,mjtVs2E4zPg,646,645,unico,>=moderada,test_ordinal_youtube,youtube,youtube__frames8,alta,
data/processed/youtube/frames8/frame_00650.jpg,youtube_frames8,mjtVs2E4zPg,650,649,unico,>=moderada,test_ordinal_youtube,youtube,youtube__frames8,alta,
data/processed/youtube/frames8/frame_00654.jpg,youtube_frames8,mjtVs2E4zPg,654,653,unico,>=moderada,test_ordinal_youtube,youtube,youtube__frames8,alta,
data/processed/youtube/frames8/frame_00658.jpg,youtube_frames8,mjtVs2E4zPg,658,657,unico,>=moderada,test_ordinal_youtube,youtube,youtube__frames8,alta,
data/processed/youtube/frames8/frame_00662.jpg,youtube_frames8,mjtVs2E4zPg,662,661,unico,>=moderada,test_ordinal_youtube,youtube,youtube__frames8,alta,
data/processed/youtube/frames8/frame_00666.jpg,youtube_frames8,mjtVs2E4zPg,666,665,unico,>=moderada,test_ordinal_youtube,youtube,youtube__frames8,alta,
data/processed/youtube/frames8/frame_00670.jpg,youtube_frames8,mjtVs2E4zPg,670,669,unico,>=moderada,test_ordinal_youtube,youtube,youtube__frames8,alta,
data/processed/youtube/frames8/frame_00674.jpg,youtube_frames8,mjtVs2E4zPg,674,673,unico,>=moderada,test_ordinal_youtube,youtube,youtube__frames8,alta,
data/processed/youtube/frames8/frame_00678.jpg,youtube_frames8,mjtVs2E4zPg,678,677,unico,>=moderada,test_ordinal_youtube,youtube,youtube__frames8,alta,
data/processed/youtube/frames8/frame_00683.jpg,youtube_frames8,mjtVs2E4zPg,683,682,unico,>=moderada,test_ordinal_youtube,youtube,youtube__frames8,alta,
data/processed/youtube/frames8/frame_00687.jpg,youtube_frames8,mjtVs2E4zPg,687,686,unico,>=moderada,test_ordinal_youtube,youtube,youtube__frames8,alta,
data/processed/youtube/frames8/frame_00691.jpg,youtube_frames8,mjtVs2E4zPg,691,690,unico,>=moderada,test_ordinal_youtube,youtube,youtube__frames8,alta,
data/processed/youtube/frames8/frame_00695.jpg,youtube_frames8,mjtVs2E4zPg,695,694,unico,>=moderada,test_ordinal_youtube,youtube,youtube__frames8,alta,
data/processed/youtube/frames8/frame_00699.jpg,youtube_frames8,mjtVs2E4zPg,699,698,unico,>=moderada,test_ordinal_youtube,youtube,youtube__frames8,alta,
data/processed/youtube/frames8/frame_00703.jpg,youtube_frames8,mjtVs2E4zPg,703,702,unico,>=moderada,test_ordinal_youtube,youtube,youtube__frames8,alta,
data/processed/youtube/frames8/frame_00707.jpg,youtube_frames8,mjtVs2E4zPg,707,706,unico,>=moderada,test_ordinal_youtube,youtube,youtube__frames8,alta,
data/processed/youtube/frames8/frame_00711.jpg,youtube_frames8,mjtVs2E4zPg,711,710,unico,>=moderada,test_ordinal_youtube,youtube,youtube__frames8,alta,
data/processed/youtube/frames8/frame_00715.jpg,youtube_frames8,mjtVs2E4zPg,715,714,unico,>=moderada,test_ordinal_youtube,youtube,youtube__frames8,alta,
data/processed/youtube/frames8/frame_00719.jpg,youtube_frames8,mjtVs2E4zPg,719,718,unico,>=moderada,test_ordinal_youtube,youtube,youtube__frames8,alta,
data/processed/youtube/frames8/frame_00724.jpg,youtube_frames8,mjtVs2E4zPg,724,723,unico,>=moderada,test_ordinal_youtube,youtube,youtube__frames8,alta,
data/processed/youtube/frames8/frame_00728.jpg,youtube_frames8,mjtVs2E4zPg,728,727,unico,>=moderada,test_ordinal_youtube,youtube,youtube__frames8,alta,
data/processed/youtube/frames8/frame_00732.jpg,youtube_frames8,mjtVs2E4zPg,732,731,unico,>=moderada,test_ordinal_youtube,youtube,youtube__frames8,alta,
data/processed/youtube/frames8/frame_00736.jpg,youtube_frames8,mjtVs2E4zPg,736,735,unico,>=moderada,test_ordinal_youtube,youtube,youtube__frames8,alta,
data/processed/youtube/frames8/frame_00740.jpg,youtube_frames8,mjtVs2E4zPg,740,739,unico,>=moderada,test_ordinal_youtube,youtube,youtube__frames8,alta,
data/processed/youtube/frames8/frame_00744.jpg,youtube_frames8,mjtVs2E4zPg,744,743,unico,>=moderada,test_ordinal_youtube,youtube,youtube__frames8,alta,
data/processed/youtube/frames8/frame_00748.jpg,youtube_frames8,mjtVs2E4zPg,748,747,unico,>=moderada,test_ordinal_youtube,youtube,youtube__frames8,alta,
data/processed/youtube/frames8/frame_00752.jpg,youtube_frames8,mjtVs2E4zPg,752,751,unico,>=moderada,test_ordinal_youtube,youtube,youtube__frames8,alta,
data/processed/youtube/frames8/frame_00756.jpg,youtube_frames8,mjtVs2E4zPg,756,755,unico,>=moderada,test_ordinal_youtube,youtube,youtube__frames8,alta,
data/processed/youtube/frames8/frame_00761.jpg,youtube_frames8,mjtVs2E4zPg,761,760,unico,>=moderada,test_ordinal_youtube,youtube,youtube__frames8,alta,
data/processed/youtube/frames8/frame_00765.jpg,youtube_frames8,mjtVs2E4zPg,765,764,unico,>=moderada,test_ordinal_youtube,youtube,youtube__frames8,alta,
data/processed/youtube/frames8/frame_00769.jpg,youtube_frames8,mjtVs2E4zPg,769,768,unico,>=moderada,test_ordinal_youtube,youtube,youtube__frames8,alta,
data/processed/youtube/frames8/frame_00773.jpg,youtube_frames8,mjtVs2E4zPg,773,772,unico,>=moderada,test_ordinal_youtube,youtube,youtube__frames8,alta,
data/processed/youtube/frames8/frame_00777.jpg,youtube_frames8,mjtVs2E4zPg,777,776,unico,>=moderada,test_ordinal_youtube,youtube,youtube__frames8,alta,
data/processed/youtube/frames8/frame_00781.jpg,youtube_frames8,mjtVs2E4zPg,781,780,unico,>=moderada,test_ordinal_youtube,youtube,youtube__frames8,alta,
data/processed/youtube/frames8/frame_00785.jpg,youtube_frames8,mjtVs2E4zPg,785,784,unico,>=moderada,test_ordinal_youtube,youtube,youtube__frames8,alta,
data/processed/youtube/frames8/frame_00789.jpg,youtube_frames8,mjtVs2E4zPg,789,788,unico,>=moderada,test_ordinal_youtube,youtube,youtube__frames8,alta,
data/processed/youtube/frames8/frame_00793.jpg,youtube_frames8,mjtVs2E4zPg,793,792,unico,>=moderada,test_ordinal_youtube,youtube,youtube__frames8,alta,
data/processed/youtube/frames8/frame_00797.jpg,youtube_frames8,mjtVs2E4zPg,797,796,unico,>=moderada,test_ordinal_youtube,youtube,youtube__frames8,alta,
data/processed/youtube/frames8/frame_00802.jpg,youtube_frames8,mjtVs2E4zPg,802,801,unico,>=moderada,test_ordinal_youtube,youtube,youtube__frames8,alta,
data/processed/youtube/frames8/frame_00806.jpg,youtube_frames8,mjtVs2E4zPg,806,805,unico,>=moderada,test_ordinal_youtube,youtube,youtube__frames8,alta,
data/processed/youtube/frames8/frame_00810.jpg,youtube_frames8,mjtVs2E4zPg,810,809,unico,>=moderada,test_ordinal_youtube,youtube,youtube__frames8,alta,
data/processed/youtube/frames8/frame_00814.jpg,youtube_frames8,mjtVs2E4zPg,814,813,unico,>=moderada,test_ordinal_youtube,youtube,youtube__frames8,alta,
data/processed/youtube/frames8/frame_00818.jpg,youtube_frames8,mjtVs2E4zPg,818,817,unico,>=moderada,test_ordinal_youtube,youtube,youtube__frames8,alta,
data/processed/youtube/frames11/frame_00001.jpg,youtube_frames11,N_c9TgR8Mok,1,0,inicio,>=moderada,test_ordinal_youtube,youtube,youtube__frames11,alta,legenda_inferior_frames_1-28;10x_frames_5-15
data/processed/youtube/frames11/frame_00002.jpg,youtube_frames11,N_c9TgR8Mok,2,1,inicio,>=moderada,test_ordinal_youtube,youtube,youtube__frames11,alta,legenda_inferior_frames_1-28;10x_frames_5-15
data/processed/youtube/frames11/frame_00003.jpg,youtube_frames11,N_c9TgR8Mok,3,2,inicio,>=moderada,test_ordinal_youtube,youtube,youtube__frames11,alta,legenda_inferior_frames_1-28;10x_frames_5-15
data/processed/youtube/frames11/frame_00004.jpg,youtube_frames11,N_c9TgR8Mok,4,3,inicio,>=moderada,test_ordinal_youtube,youtube,youtube__frames11,alta,legenda_inferior_frames_1-28;10x_frames_5-15
data/processed/youtube/frames11/frame_00005.jpg,youtube_frames11,N_c9TgR8Mok,5,4,inicio,>=moderada,test_ordinal_youtube,youtube,youtube__frames11,alta,legenda_inferior_frames_1-28;10x_frames_5-15
data/processed/youtube/frames11/frame_00006.jpg,youtube_frames11,N_c9TgR8Mok,6,5,inicio,>=moderada,test_ordinal_youtube,youtube,youtube__frames11,alta,legenda_inferior_frames_1-28;10x_frames_5-15
data/processed/youtube/frames11/frame_00007.jpg,youtube_frames11,N_c9TgR8Mok,7,6,inicio,>=moderada,test_ordinal_youtube,youtube,youtube__frames11,alta,legenda_inferior_frames_1-28;10x_frames_5-15
data/processed/youtube/frames11/frame_00008.jpg,youtube_frames11,N_c9TgR8Mok,8,7,inicio,>=moderada,test_ordinal_youtube,youtube,youtube__frames11,alta,legenda_inferior_frames_1-28;10x_frames_5-15
data/processed/youtube/frames11/frame_00009.jpg,youtube_frames11,N_c9TgR8Mok,9,8,inicio,>=moderada,test_ordinal_youtube,youtube,youtube__frames11,alta,legenda_inferior_frames_1-28;10x_frames_5-15
data/processed/youtube/frames11/frame_00010.jpg,youtube_frames11,N_c9TgR8Mok,10,9,inicio,>=moderada,test_ordinal_youtube,youtube,youtube__frames11,alta,legenda_inferior_frames_1-28;10x_frames_5-15
data/processed/youtube/frames11/frame_00011.jpg,youtube_frames11,N_c9TgR8Mok,11,10,inicio,>=moderada,test_ordinal_youtube,youtube,youtube__frames11,alta,legenda_inferior_frames_1-28;10x_frames_5-15
data/processed/youtube/frames11/frame_00012.jpg,youtube_frames11,N_c9TgR8Mok,12,11,inicio,>=moderada,test_ordinal_youtube,youtube,youtube__frames11,alta,legenda_inferior_frames_1-28;10x_frames_5-15
data/processed/youtube/frames11/frame_00013.jpg,youtube_frames11,N_c9TgR8Mok,13,12,inicio,>=moderada,test_ordinal_youtube,youtube,youtube__frames11,alta,legenda_inferior_frames_1-28;10x_frames_5-15
data/processed/youtube/frames11/frame_00014.jpg,youtube_frames11,N_c9TgR8Mok,14,13,inicio,>=moderada,test_ordinal_youtube,youtube,youtube__frames11,alta,legenda_inferior_frames_1-28;10x_frames_5-15
data/processed/youtube/frames11/frame_00015.jpg,youtube_frames11,N_c9TgR8Mok,15,14,inicio,>=moderada,test_ordinal_youtube,youtube,youtube__frames11,alta,legenda_inferior_frames_1-28;10x_frames_5-15
data/processed/youtube/frames11/frame_00016.jpg,youtube_frames11,N_c9TgR8Mok,16,15,inicio,>=moderada,test_ordinal_youtube,youtube,youtube__frames11,alta,legenda_inferior_frames_1-28;10x_frames_5-15
data/processed/youtube/frames11/frame_00017.jpg,youtube_frames11,N_c9TgR8Mok,17,16,inicio,>=moderada,test_ordinal_youtube,youtube,youtube__frames11,alta,legenda_inferior_frames_1-28;10x_frames_5-15
data/processed/youtube/frames11/frame_00018.jpg,youtube_frames11,N_c9TgR8Mok,18,17,inicio,>=moderada,test_ordinal_youtube,youtube,youtube__frames11,alta,legenda_inferior_frames_1-28;10x_frames_5-15
data/processed/youtube/frames11/frame_00019.jpg,youtube_frames11,N_c9TgR8Mok,19,18,inicio,>=moderada,test_ordinal_youtube,youtube,youtube__frames11,alta,legenda_inferior_frames_1-28;10x_frames_5-15
data/processed/youtube/frames11/frame_00020.jpg,youtube_frames11,N_c9TgR8Mok,20,19,inicio,>=moderada,test_ordinal_youtube,youtube,youtube__frames11,alta,legenda_inferior_frames_1-28;10x_frames_5-15
data/processed/youtube/frames11/frame_00021.jpg,youtube_frames11,N_c9TgR8Mok,21,20,inicio,>=moderada,test_ordinal_youtube,youtube,youtube__frames11,alta,legenda_inferior_frames_1-28;10x_frames_5-15
data/processed/youtube/frames11/frame_00022.jpg,youtube_frames11,N_c9TgR8Mok,22,21,inicio,>=moderada,test_ordinal_youtube,youtube,youtube__frames11,alta,legenda_inferior_frames_1-28;10x_frames_5-15
data/processed/youtube/frames11/frame_00023.jpg,youtube_frames11,N_c9TgR8Mok,23,22,inicio,>=moderada,test_ordinal_youtube,youtube,youtube__frames11,alta,legenda_inferior_frames_1-28;10x_frames_5-15
data/processed/youtube/frames11/frame_00024.jpg,youtube_frames11,N_c9TgR8Mok,24,23,inicio,>=moderada,test_ordinal_youtube,youtube,youtube__frames11,alta,legenda_inferior_frames_1-28;10x_frames_5-15
data/processed/youtube/frames11/frame_00025.jpg,youtube_frames11,N_c9TgR8Mok,25,24,inicio,>=moderada,test_ordinal_youtube,youtube,youtube__frames11,alta,legenda_inferior_frames_1-28;10x_frames_5-15
data/processed/youtube/frames11/frame_00026.jpg,youtube_frames11,N_c9TgR8Mok,26,25,inicio,>=moderada,test_ordinal_youtube,youtube,youtube__frames11,alta,legenda_inferior_frames_1-28;10x_frames_5-15
data/processed/youtube/frames11/frame_00029.jpg,youtube_frames11,N_c9TgR8Mok,29,28,pico,>=moderada,test_ordinal_youtube,youtube,youtube__frames11,alta,legenda_inferior_frames_1-28;10x_frames_5-15
data/processed/youtube/frames11/frame_00030.jpg,youtube_frames11,N_c9TgR8Mok,30,29,pico,>=moderada,test_ordinal_youtube,youtube,youtube__frames11,alta,legenda_inferior_frames_1-28;10x_frames_5-15
data/processed/youtube/frames11/frame_00031.jpg,youtube_frames11,N_c9TgR8Mok,31,30,pico,>=moderada,test_ordinal_youtube,youtube,youtube__frames11,alta,legenda_inferior_frames_1-28;10x_frames_5-15
data/processed/youtube/frames11/frame_00032.jpg,youtube_frames11,N_c9TgR8Mok,32,31,pico,>=moderada,test_ordinal_youtube,youtube,youtube__frames11,alta,legenda_inferior_frames_1-28;10x_frames_5-15
data/processed/youtube/frames11/frame_00033.jpg,youtube_frames11,N_c9TgR8Mok,33,32,pico,>=moderada,test_ordinal_youtube,youtube,youtube__frames11,alta,legenda_inferior_frames_1-28;10x_frames_5-15
data/processed/youtube/frames11/frame_00034.jpg,youtube_frames11,N_c9TgR8Mok,34,33,pico,>=moderada,test_ordinal_youtube,youtube,youtube__frames11,alta,legenda_inferior_frames_1-28;10x_frames_5-15
data/processed/youtube/frames11/frame_00035.jpg,youtube_frames11,N_c9TgR8Mok,35,34,pico,>=moderada,test_ordinal_youtube,youtube,youtube__frames11,alta,legenda_inferior_frames_1-28;10x_frames_5-15
data/processed/youtube/frames11/frame_00036.jpg,youtube_frames11,N_c9TgR8Mok,36,35,pico,>=moderada,test_ordinal_youtube,youtube,youtube__frames11,alta,legenda_inferior_frames_1-28;10x_frames_5-15
data/processed/youtube/frames11/frame_00037.jpg,youtube_frames11,N_c9TgR8Mok,37,36,pico,>=moderada,test_ordinal_youtube,youtube,youtube__frames11,alta,legenda_inferior_frames_1-28;10x_frames_5-15
data/processed/youtube/frames11/frame_00038.jpg,youtube_frames11,N_c9TgR8Mok,38,37,pico,>=moderada,test_ordinal_youtube,youtube,youtube__frames11,alta,legenda_inferior_frames_1-28;10x_frames_5-15
data/processed/youtube/frames11/frame_00039.jpg,youtube_frames11,N_c9TgR8Mok,39,38,pico,>=moderada,test_ordinal_youtube,youtube,youtube__frames11,alta,legenda_inferior_frames_1-28;10x_frames_5-15
data/processed/youtube/frames11/frame_00040.jpg,youtube_frames11,N_c9TgR8Mok,40,39,pico,>=moderada,test_ordinal_youtube,youtube,youtube__frames11,alta,legenda_inferior_frames_1-28;10x_frames_5-15
data/processed/youtube/frames11/frame_00041.jpg,youtube_frames11,N_c9TgR8Mok,41,40,pico,>=moderada,test_ordinal_youtube,youtube,youtube__frames11,alta,legenda_inferior_frames_1-28;10x_frames_5-15
data/processed/youtube/frames11/frame_00042.jpg,youtube_frames11,N_c9TgR8Mok,42,41,pico,>=moderada,test_ordinal_youtube,youtube,youtube__frames11,alta,legenda_inferior_frames_1-28;10x_frames_5-15
data/processed/youtube/frames11/frame_00043.jpg,youtube_frames11,N_c9TgR8Mok,43,42,pico,>=moderada,test_ordinal_youtube,youtube,youtube__frames11,alta,legenda_inferior_frames_1-28;10x_frames_5-15
data/processed/youtube/frames11/frame_00044.jpg,youtube_frames11,N_c9TgR8Mok,44,43,pico,>=moderada,test_ordinal_youtube,youtube,youtube__frames11,alta,legenda_inferior_frames_1-28;10x_frames_5-15
data/processed/youtube/frames11/frame_00045.jpg,youtube_frames11,N_c9TgR8Mok,45,44,pico,>=moderada,test_ordinal_youtube,youtube,youtube__frames11,alta,legenda_inferior_frames_1-28;10x_frames_5-15
data/processed/youtube/frames11/frame_00046.jpg,youtube_frames11,N_c9TgR8Mok,46,45,pico,>=moderada,test_ordinal_youtube,youtube,youtube__frames11,alta,legenda_inferior_frames_1-28;10x_frames_5-15
data/processed/youtube/frames11/frame_00047.jpg,youtube_frames11,N_c9TgR8Mok,47,46,pico,>=moderada,test_ordinal_youtube,youtube,youtube__frames11,alta,legenda_inferior_frames_1-28;10x_frames_5-15
data/processed/youtube/frames11/frame_00048.jpg,youtube_frames11,N_c9TgR8Mok,48,47,pico,>=moderada,test_ordinal_youtube,youtube,youtube__frames11,alta,legenda_inferior_frames_1-28;10x_frames_5-15
data/processed/youtube/frames11/frame_00049.jpg,youtube_frames11,N_c9TgR8Mok,49,48,pico,>=moderada,test_ordinal_youtube,youtube,youtube__frames11,alta,legenda_inferior_frames_1-28;10x_frames_5-15
data/processed/youtube/frames11/frame_00050.jpg,youtube_frames11,N_c9TgR8Mok,50,49,pico,>=moderada,test_ordinal_youtube,youtube,youtube__frames11,alta,legenda_inferior_frames_1-28;10x_frames_5-15
data/processed/youtube/frames11/frame_00051.jpg,youtube_frames11,N_c9TgR8Mok,51,50,pico,>=moderada,test_ordinal_youtube,youtube,youtube__frames11,alta,legenda_inferior_frames_1-28;10x_frames_5-15
data/processed/youtube/frames11/frame_00052.jpg,youtube_frames11,N_c9TgR8Mok,52,51,pico,>=moderada,test_ordinal_youtube,youtube,youtube__frames11,alta,legenda_inferior_frames_1-28;10x_frames_5-15
data/processed/youtube/frames13/frame_00001.jpg,youtube_frames13,-EA5EgUFg2M,1,0,unico,>=moderada,test_ordinal_youtube,youtube,youtube__frames13,media,tuneis_ocasionais;hud_velocimetro_pequeno
data/processed/youtube/frames13/frame_00015.jpg,youtube_frames13,-EA5EgUFg2M,15,14,unico,>=moderada,test_ordinal_youtube,youtube,youtube__frames13,media,tuneis_ocasionais;hud_velocimetro_pequeno
data/processed/youtube/frames13/frame_00028.jpg,youtube_frames13,-EA5EgUFg2M,28,27,unico,>=moderada,test_ordinal_youtube,youtube,youtube__frames13,media,tuneis_ocasionais;hud_velocimetro_pequeno
data/processed/youtube/frames13/frame_00042.jpg,youtube_frames13,-EA5EgUFg2M,42,41,unico,>=moderada,test_ordinal_youtube,youtube,youtube__frames13,media,tuneis_ocasionais;hud_velocimetro_pequeno
data/processed/youtube/frames13/frame_00056.jpg,youtube_frames13,-EA5EgUFg2M,56,55,unico,>=moderada,test_ordinal_youtube,youtube,youtube__frames13,media,tuneis_ocasionais;hud_velocimetro_pequeno
data/processed/youtube/frames13/frame_00070.jpg,youtube_frames13,-EA5EgUFg2M,70,69,unico,>=moderada,test_ordinal_youtube,youtube,youtube__frames13,media,tuneis_ocasionais;hud_velocimetro_pequeno
data/processed/youtube/frames13/frame_00084.jpg,youtube_frames13,-EA5EgUFg2M,84,83,unico,>=moderada,test_ordinal_youtube,youtube,youtube__frames13,media,tuneis_ocasionais;hud_velocimetro_pequeno
data/processed/youtube/frames13/frame_00098.jpg,youtube_frames13,-EA5EgUFg2M,98,97,unico,>=moderada,test_ordinal_youtube,youtube,youtube__frames13,media,tuneis_ocasionais;hud_velocimetro_pequeno
data/processed/youtube/frames13/frame_00112.jpg,youtube_frames13,-EA5EgUFg2M,112,111,unico,>=moderada,test_ordinal_youtube,youtube,youtube__frames13,media,tuneis_ocasionais;hud_velocimetro_pequeno
data/processed/youtube/frames13/frame_00126.jpg,youtube_frames13,-EA5EgUFg2M,126,125,unico,>=moderada,test_ordinal_youtube,youtube,youtube__frames13,media,tuneis_ocasionais;hud_velocimetro_pequeno
data/processed/youtube/frames13/frame_00139.jpg,youtube_frames13,-EA5EgUFg2M,139,138,unico,>=moderada,test_ordinal_youtube,youtube,youtube__frames13,media,tuneis_ocasionais;hud_velocimetro_pequeno
data/processed/youtube/frames13/frame_00153.jpg,youtube_frames13,-EA5EgUFg2M,153,152,unico,>=moderada,test_ordinal_youtube,youtube,youtube__frames13,media,tuneis_ocasionais;hud_velocimetro_pequeno
data/processed/youtube/frames13/frame_00167.jpg,youtube_frames13,-EA5EgUFg2M,167,166,unico,>=moderada,test_ordinal_youtube,youtube,youtube__frames13,media,tuneis_ocasionais;hud_velocimetro_pequeno
data/processed/youtube/frames13/frame_00181.jpg,youtube_frames13,-EA5EgUFg2M,181,180,unico,>=moderada,test_ordinal_youtube,youtube,youtube__frames13,media,tuneis_ocasionais;hud_velocimetro_pequeno
data/processed/youtube/frames13/frame_00194.jpg,youtube_frames13,-EA5EgUFg2M,194,193,unico,>=moderada,test_ordinal_youtube,youtube,youtube__frames13,media,tuneis_ocasionais;hud_velocimetro_pequeno
data/processed/youtube/frames13/frame_00208.jpg,youtube_frames13,-EA5EgUFg2M,208,207,unico,>=moderada,test_ordinal_youtube,youtube,youtube__frames13,media,tuneis_ocasionais;hud_velocimetro_pequeno
data/processed/youtube/frames13/frame_00222.jpg,youtube_frames13,-EA5EgUFg2M,222,221,unico,>=moderada,test_ordinal_youtube,youtube,youtube__frames13,media,tuneis_ocasionais;hud_velocimetro_pequeno
data/processed/youtube/frames13/frame_00236.jpg,youtube_frames13,-EA5EgUFg2M,236,235,unico,>=moderada,test_ordinal_youtube,youtube,youtube__frames13,media,tuneis_ocasionais;hud_velocimetro_pequeno
data/processed/youtube/frames13/frame_00249.jpg,youtube_frames13,-EA5EgUFg2M,249,248,unico,>=moderada,test_ordinal_youtube,youtube,youtube__frames13,media,tuneis_ocasionais;hud_velocimetro_pequeno
data/processed/youtube/frames13/frame_00263.jpg,youtube_frames13,-EA5EgUFg2M,263,262,unico,>=moderada,test_ordinal_youtube,youtube,youtube__frames13,media,tuneis_ocasionais;hud_velocimetro_pequeno
data/processed/youtube/frames13/frame_00277.jpg,youtube_frames13,-EA5EgUFg2M,277,276,unico,>=moderada,test_ordinal_youtube,youtube,youtube__frames13,media,tuneis_ocasionais;hud_velocimetro_pequeno
data/processed/youtube/frames13/frame_00291.jpg,youtube_frames13,-EA5EgUFg2M,291,290,unico,>=moderada,test_ordinal_youtube,youtube,youtube__frames13,media,tuneis_ocasionais;hud_velocimetro_pequeno
data/processed/youtube/frames13/frame_00304.jpg,youtube_frames13,-EA5EgUFg2M,304,303,unico,>=moderada,test_ordinal_youtube,youtube,youtube__frames13,media,tuneis_ocasionais;hud_velocimetro_pequeno
data/processed/youtube/frames13/frame_00318.jpg,youtube_frames13,-EA5EgUFg2M,318,317,unico,>=moderada,test_ordinal_youtube,youtube,youtube__frames13,media,tuneis_ocasionais;hud_velocimetro_pequeno
data/processed/youtube/frames13/frame_00332.jpg,youtube_frames13,-EA5EgUFg2M,332,331,unico,>=moderada,test_ordinal_youtube,youtube,youtube__frames13,media,tuneis_ocasionais;hud_velocimetro_pequeno
data/processed/youtube/frames13/frame_00346.jpg,youtube_frames13,-EA5EgUFg2M,346,345,unico,>=moderada,test_ordinal_youtube,youtube,youtube__frames13,media,tuneis_ocasionais;hud_velocimetro_pequeno
data/processed/youtube/frames13/frame_00359.jpg,youtube_frames13,-EA5EgUFg2M,359,358,unico,>=moderada,test_ordinal_youtube,youtube,youtube__frames13,media,tuneis_ocasionais;hud_velocimetro_pequeno
data/processed/youtube/frames13/frame_00373.jpg,youtube_frames13,-EA5EgUFg2M,373,372,unico,>=moderada,test_ordinal_youtube,youtube,youtube__frames13,media,tuneis_ocasionais;hud_velocimetro_pequeno
data/processed/youtube/frames13/frame_00387.jpg,youtube_frames13,-EA5EgUFg2M,387,386,unico,>=moderada,test_ordinal_youtube,youtube,youtube__frames13,media,tuneis_ocasionais;hud_velocimetro_pequeno
data/processed/youtube/frames13/frame_00401.jpg,youtube_frames13,-EA5EgUFg2M,401,400,unico,>=moderada,test_ordinal_youtube,youtube,youtube__frames13,media,tuneis_ocasionais;hud_velocimetro_pequeno
data/processed/youtube/frames13/frame_00414.jpg,youtube_frames13,-EA5EgUFg2M,414,413,unico,>=moderada,test_ordinal_youtube,youtube,youtube__frames13,media,tuneis_ocasionais;hud_velocimetro_pequeno
data/processed/youtube/frames13/frame_00428.jpg,youtube_frames13,-EA5EgUFg2M,428,427,unico,>=moderada,test_ordinal_youtube,youtube,youtube__frames13,media,tuneis_ocasionais;hud_velocimetro_pequeno
data/processed/youtube/frames13/frame_00442.jpg,youtube_frames13,-EA5EgUFg2M,442,441,unico,>=moderada,test_ordinal_youtube,youtube,youtube__frames13,media,tuneis_ocasionais;hud_velocimetro_pequeno
data/processed/youtube/frames13/frame_00456.jpg,youtube_frames13,-EA5EgUFg2M,456,455,unico,>=moderada,test_ordinal_youtube,youtube,youtube__frames13,media,tuneis_ocasionais;hud_velocimetro_pequeno
data/processed/youtube/frames13/frame_00469.jpg,youtube_frames13,-EA5EgUFg2M,469,468,unico,>=moderada,test_ordinal_youtube,youtube,youtube__frames13,media,tuneis_ocasionais;hud_velocimetro_pequeno
data/processed/youtube/frames13/frame_00483.jpg,youtube_frames13,-EA5EgUFg2M,483,482,unico,>=moderada,test_ordinal_youtube,youtube,youtube__frames13,media,tuneis_ocasionais;hud_velocimetro_pequeno
data/processed/youtube/frames13/frame_00497.jpg,youtube_frames13,-EA5EgUFg2M,497,496,unico,>=moderada,test_ordinal_youtube,youtube,youtube__frames13,media,tuneis_ocasionais;hud_velocimetro_pequeno
data/processed/youtube/frames13/frame_00511.jpg,youtube_frames13,-EA5EgUFg2M,511,510,unico,>=moderada,test_ordinal_youtube,youtube,youtube__frames13,media,tuneis_ocasionais;hud_velocimetro_pequeno
data/processed/youtube/frames13/frame_00524.jpg,youtube_frames13,-EA5EgUFg2M,524,523,unico,>=moderada,test_ordinal_youtube,youtube,youtube__frames13,media,tuneis_ocasionais;hud_velocimetro_pequeno
data/processed/youtube/frames13/frame_00538.jpg,youtube_frames13,-EA5EgUFg2M,538,537,unico,>=moderada,test_ordinal_youtube,youtube,youtube__frames13,media,tuneis_ocasionais;hud_velocimetro_pequeno
data/processed/youtube/frames13/frame_00552.jpg,youtube_frames13,-EA5EgUFg2M,552,551,unico,>=moderada,test_ordinal_youtube,youtube,youtube__frames13,media,tuneis_ocasionais;hud_velocimetro_pequeno
data/processed/youtube/frames13/frame_00565.jpg,youtube_frames13,-EA5EgUFg2M,565,564,unico,>=moderada,test_ordinal_youtube,youtube,youtube__frames13,media,tuneis_ocasionais;hud_velocimetro_pequeno
data/processed/youtube/frames13/frame_00579.jpg,youtube_frames13,-EA5EgUFg2M,579,578,unico,>=moderada,test_ordinal_youtube,youtube,youtube__frames13,media,tuneis_ocasionais;hud_velocimetro_pequeno
data/processed/youtube/frames13/frame_00593.jpg,youtube_frames13,-EA5EgUFg2M,593,592,unico,>=moderada,test_ordinal_youtube,youtube,youtube__frames13,media,tuneis_ocasionais;hud_velocimetro_pequeno
data/processed/youtube/frames13/frame_00607.jpg,youtube_frames13,-EA5EgUFg2M,607,606,unico,>=moderada,test_ordinal_youtube,youtube,youtube__frames13,media,tuneis_ocasionais;hud_velocimetro_pequeno
data/processed/youtube/frames13/frame_00620.jpg,youtube_frames13,-EA5EgUFg2M,620,619,unico,>=moderada,test_ordinal_youtube,youtube,youtube__frames13,media,tuneis_ocasionais;hud_velocimetro_pequeno
data/processed/youtube/frames13/frame_00634.jpg,youtube_frames13,-EA5EgUFg2M,634,633,unico,>=moderada,test_ordinal_youtube,youtube,youtube__frames13,media,tuneis_ocasionais;hud_velocimetro_pequeno
data/processed/youtube/frames13/frame_00648.jpg,youtube_frames13,-EA5EgUFg2M,648,647,unico,>=moderada,test_ordinal_youtube,youtube,youtube__frames13,media,tuneis_ocasionais;hud_velocimetro_pequeno
data/processed/youtube/frames13/frame_00662.jpg,youtube_frames13,-EA5EgUFg2M,662,661,unico,>=moderada,test_ordinal_youtube,youtube,youtube__frames13,media,tuneis_ocasionais;hud_velocimetro_pequeno
data/processed/youtube/frames13/frame_00675.jpg,youtube_frames13,-EA5EgUFg2M,675,674,unico,>=moderada,test_ordinal_youtube,youtube,youtube__frames13,media,tuneis_ocasionais;hud_velocimetro_pequeno
data/processed/youtube/frames13/frame_00689.jpg,youtube_frames13,-EA5EgUFg2M,689,688,unico,>=moderada,test_ordinal_youtube,youtube,youtube__frames13,media,tuneis_ocasionais;hud_velocimetro_pequeno
data/processed/youtube/frames13/frame_00703.jpg,youtube_frames13,-EA5EgUFg2M,703,702,unico,>=moderada,test_ordinal_youtube,youtube,youtube__frames13,media,tuneis_ocasionais;hud_velocimetro_pequeno
data/processed/youtube/frames13/frame_00717.jpg,youtube_frames13,-EA5EgUFg2M,717,716,unico,>=moderada,test_ordinal_youtube,youtube,youtube__frames13,media,tuneis_ocasionais;hud_velocimetro_pequeno
data/processed/youtube/frames13/frame_00730.jpg,youtube_frames13,-EA5EgUFg2M,730,729,unico,>=moderada,test_ordinal_youtube,youtube,youtube__frames13,media,tuneis_ocasionais;hud_velocimetro_pequeno
data/processed/youtube/frames13/frame_00744.jpg,youtube_frames13,-EA5EgUFg2M,744,743,unico,>=moderada,test_ordinal_youtube,youtube,youtube__frames13,media,tuneis_ocasionais;hud_velocimetro_pequeno
data/processed/youtube/frames13/frame_00758.jpg,youtube_frames13,-EA5EgUFg2M,758,757,unico,>=moderada,test_ordinal_youtube,youtube,youtube__frames13,media,tuneis_ocasionais;hud_velocimetro_pequeno
data/processed/youtube/frames13/frame_00772.jpg,youtube_frames13,-EA5EgUFg2M,772,771,unico,>=moderada,test_ordinal_youtube,youtube,youtube__frames13,media,tuneis_ocasionais;hud_velocimetro_pequeno
data/processed/youtube/frames13/frame_00785.jpg,youtube_frames13,-EA5EgUFg2M,785,784,unico,>=moderada,test_ordinal_youtube,youtube,youtube__frames13,media,tuneis_ocasionais;hud_velocimetro_pequeno
data/processed/youtube/frames13/frame_00799.jpg,youtube_frames13,-EA5EgUFg2M,799,798,unico,>=moderada,test_ordinal_youtube,youtube,youtube__frames13,media,tuneis_ocasionais;hud_velocimetro_pequeno
data/processed/youtube/frames13/frame_00813.jpg,youtube_frames13,-EA5EgUFg2M,813,812,unico,>=moderada,test_ordinal_youtube,youtube,youtube__frames13,media,tuneis_ocasionais;hud_velocimetro_pequeno
data/processed/youtube/frames13/frame_00827.jpg,youtube_frames13,-EA5EgUFg2M,827,826,unico,>=moderada,test_ordinal_youtube,youtube,youtube__frames13,media,tuneis_ocasionais;hud_velocimetro_pequeno
data/processed/youtube/frames13/frame_00840.jpg,youtube_frames13,-EA5EgUFg2M,840,839,unico,>=moderada,test_ordinal_youtube,youtube,youtube__frames13,media,tuneis_ocasionais;hud_velocimetro_pequeno
data/processed/youtube/frames13/frame_00854.jpg,youtube_frames13,-EA5EgUFg2M,854,853,unico,>=moderada,test_ordinal_youtube,youtube,youtube__frames13,media,tuneis_ocasionais;hud_velocimetro_pequeno
data/processed/youtube/frames13/frame_00868.jpg,youtube_frames13,-EA5EgUFg2M,868,867,unico,>=moderada,test_ordinal_youtube,youtube,youtube__frames13,media,tuneis_ocasionais;hud_velocimetro_pequeno
data/processed/youtube/frames13/frame_00882.jpg,youtube_frames13,-EA5EgUFg2M,882,881,unico,>=moderada,test_ordinal_youtube,youtube,youtube__frames13,media,tuneis_ocasionais;hud_velocimetro_pequeno
data/processed/youtube/frames13/frame_00895.jpg,youtube_frames13,-EA5EgUFg2M,895,894,unico,>=moderada,test_ordinal_youtube,youtube,youtube__frames13,media,tuneis_ocasionais;hud_velocimetro_pequeno
data/processed/youtube/frames13/frame_00909.jpg,youtube_frames13,-EA5EgUFg2M,909,908,unico,>=moderada,test_ordinal_youtube,youtube,youtube__frames13,media,tuneis_ocasionais;hud_velocimetro_pequeno
data/processed/youtube/frames13/frame_00923.jpg,youtube_frames13,-EA5EgUFg2M,923,922,unico,>=moderada,test_ordinal_youtube,youtube,youtube__frames13,media,tuneis_ocasionais;hud_velocimetro_pequeno
data/processed/youtube/frames13/frame_00937.jpg,youtube_frames13,-EA5EgUFg2M,937,936,unico,>=moderada,test_ordinal_youtube,youtube,youtube__frames13,media,tuneis_ocasionais;hud_velocimetro_pequeno
data/processed/youtube/frames13/frame_00950.jpg,youtube_frames13,-EA5EgUFg2M,950,949,unico,>=moderada,test_ordinal_youtube,youtube,youtube__frames13,media,tuneis_ocasionais;hud_velocimetro_pequeno
data/processed/youtube/frames13/frame_00964.jpg,youtube_frames13,-EA5EgUFg2M,964,963,unico,>=moderada,test_ordinal_youtube,youtube,youtube__frames13,media,tuneis_ocasionais;hud_velocimetro_pequeno
data/processed/youtube/frames13/frame_00978.jpg,youtube_frames13,-EA5EgUFg2M,978,977,unico,>=moderada,test_ordinal_youtube,youtube,youtube__frames13,media,tuneis_ocasionais;hud_velocimetro_pequeno
data/processed/youtube/frames13/frame_00992.jpg,youtube_frames13,-EA5EgUFg2M,992,991,unico,>=moderada,test_ordinal_youtube,youtube,youtube__frames13,media,tuneis_ocasionais;hud_velocimetro_pequeno
data/processed/youtube/frames13/frame_01005.jpg,youtube_frames13,-EA5EgUFg2M,1005,1004,unico,>=moderada,test_ordinal_youtube,youtube,youtube__frames13,media,tuneis_ocasionais;hud_velocimetro_pequeno
data/processed/youtube/frames13/frame_01019.jpg,youtube_frames13,-EA5EgUFg2M,1019,1018,unico,>=moderada,test_ordinal_youtube,youtube,youtube__frames13,media,tuneis_ocasionais;hud_velocimetro_pequeno
data/processed/youtube/frames13/frame_01033.jpg,youtube_frames13,-EA5EgUFg2M,1033,1032,unico,>=moderada,test_ordinal_youtube,youtube,youtube__frames13,media,tuneis_ocasionais;hud_velocimetro_pequeno
data/processed/youtube/frames13/frame_01047.jpg,youtube_frames13,-EA5EgUFg2M,1047,1046,unico,>=moderada,test_ordinal_youtube,youtube,youtube__frames13,media,tuneis_ocasionais;hud_velocimetro_pequeno
data/processed/youtube/frames13/frame_01060.jpg,youtube_frames13,-EA5EgUFg2M,1060,1059,unico,>=moderada,test_ordinal_youtube,youtube,youtube__frames13,media,tuneis_ocasionais;hud_velocimetro_pequeno
data/processed/youtube/frames13/frame_01074.jpg,youtube_frames13,-EA5EgUFg2M,1074,1073,unico,>=moderada,test_ordinal_youtube,youtube,youtube__frames13,media,tuneis_ocasionais;hud_velocimetro_pequeno
data/processed/youtube/frames13/frame_01088.jpg,youtube_frames13,-EA5EgUFg2M,1088,1087,unico,>=moderada,test_ordinal_youtube,youtube,youtube__frames13,media,tuneis_ocasionais;hud_velocimetro_pequeno
data/processed/youtube/frames13/frame_01101.jpg,youtube_frames13,-EA5EgUFg2M,1101,1100,unico,>=moderada,test_ordinal_youtube,youtube,youtube__frames13,media,tuneis_ocasionais;hud_velocimetro_pequeno
data/processed/youtube/frames13/frame_01115.jpg,youtube_frames13,-EA5EgUFg2M,1115,1114,unico,>=moderada,test_ordinal_youtube,youtube,youtube__frames13,media,tuneis_ocasionais;hud_velocimetro_pequeno
data/processed/youtube/frames13/frame_01129.jpg,youtube_frames13,-EA5EgUFg2M,1129,1128,unico,>=moderada,test_ordinal_youtube,youtube,youtube__frames13,media,tuneis_ocasionais;hud_velocimetro_pequeno
data/processed/youtube/frames13/frame_01143.jpg,youtube_frames13,-EA5EgUFg2M,1143,1142,unico,>=moderada,test_ordinal_youtube,youtube,youtube__frames13,media,tuneis_ocasionais;hud_velocimetro_pequeno
data/processed/youtube/frames13/frame_01156.jpg,youtube_frames13,-EA5EgUFg2M,1156,1155,unico,>=moderada,test_ordinal_youtube,youtube,youtube__frames13,media,tuneis_ocasionais;hud_velocimetro_pequeno
data/processed/youtube/frames13/frame_01170.jpg,youtube_frames13,-EA5EgUFg2M,1170,1169,unico,>=moderada,test_ordinal_youtube,youtube,youtube__frames13,media,tuneis_ocasionais;hud_velocimetro_pequeno
data/processed/youtube/frames13/frame_01184.jpg,youtube_frames13,-EA5EgUFg2M,1184,1183,unico,>=moderada,test_ordinal_youtube,youtube,youtube__frames13,media,tuneis_ocasionais;hud_velocimetro_pequeno
data/processed/youtube/frames13/frame_01198.jpg,youtube_frames13,-EA5EgUFg2M,1198,1197,unico,>=moderada,test_ordinal_youtube,youtube,youtube__frames13,media,tuneis_ocasionais;hud_velocimetro_pequeno
data/processed/youtube/frames13/frame_01211.jpg,youtube_frames13,-EA5EgUFg2M,1211,1210,unico,>=moderada,test_ordinal_youtube,youtube,youtube__frames13,media,tuneis_ocasionais;hud_velocimetro_pequeno
data/processed/youtube/frames13/frame_01225.jpg,youtube_frames13,-EA5EgUFg2M,1225,1224,unico,>=moderada,test_ordinal_youtube,youtube,youtube__frames13,media,tuneis_ocasionais;hud_velocimetro_pequeno
data/processed/youtube/frames13/frame_01239.jpg,youtube_frames13,-EA5EgUFg2M,1239,1238,unico,>=moderada,test_ordinal_youtube,youtube,youtube__frames13,media,tuneis_ocasionais;hud_velocimetro_pequeno
data/processed/youtube/frames13/frame_01253.jpg,youtube_frames13,-EA5EgUFg2M,1253,1252,unico,>=moderada,test_ordinal_youtube,youtube,youtube__frames13,media,tuneis_ocasionais;hud_velocimetro_pequeno
data/processed/youtube/frames13/frame_01266.jpg,youtube_frames13,-EA5EgUFg2M,1266,1265,unico,>=moderada,test_ordinal_youtube,youtube,youtube__frames13,media,tuneis_ocasionais;hud_velocimetro_pequeno
data/processed/youtube/frames13/frame_01280.jpg,youtube_frames13,-EA5EgUFg2M,1280,1279,unico,>=moderada,test_ordinal_youtube,youtube,youtube__frames13,media,tuneis_ocasionais;hud_velocimetro_pequeno
data/processed/youtube/frames13/frame_01294.jpg,youtube_frames13,-EA5EgUFg2M,1294,1293,unico,>=moderada,test_ordinal_youtube,youtube,youtube__frames13,media,tuneis_ocasionais;hud_velocimetro_pequeno
data/processed/youtube/frames13/frame_01308.jpg,youtube_frames13,-EA5EgUFg2M,1308,1307,unico,>=moderada,test_ordinal_youtube,youtube,youtube__frames13,media,tuneis_ocasionais;hud_velocimetro_pequeno
data/processed/youtube/frames13/frame_01321.jpg,youtube_frames13,-EA5EgUFg2M,1321,1320,unico,>=moderada,test_ordinal_youtube,youtube,youtube__frames13,media,tuneis_ocasionais;hud_velocimetro_pequeno
data/processed/youtube/frames13/frame_01335.jpg,youtube_frames13,-EA5EgUFg2M,1335,1334,unico,>=moderada,test_ordinal_youtube,youtube,youtube__frames13,media,tuneis_ocasionais;hud_velocimetro_pequeno
data/processed/youtube/frames13/frame_01349.jpg,youtube_frames13,-EA5EgUFg2M,1349,1348,unico,>=moderada,test_ordinal_youtube,youtube,youtube__frames13,media,tuneis_ocasionais;hud_velocimetro_pequeno
data/processed/youtube/frames13/frame_01363.jpg,youtube_frames13,-EA5EgUFg2M,1363,1362,unico,>=moderada,test_ordinal_youtube,youtube,youtube__frames13,media,tuneis_ocasionais;hud_velocimetro_pequeno
data/processed/youtube/frames13/frame_01376.jpg,youtube_frames13,-EA5EgUFg2M,1376,1375,unico,>=moderada,test_ordinal_youtube,youtube,youtube__frames13,media,tuneis_ocasionais;hud_velocimetro_pequeno
data/processed/youtube/frames13/frame_01390.jpg,youtube_frames13,-EA5EgUFg2M,1390,1389,unico,>=moderada,test_ordinal_youtube,youtube,youtube__frames13,media,tuneis_ocasionais;hud_velocimetro_pequeno
data/processed/youtube/frames13/frame_01404.jpg,youtube_frames13,-EA5EgUFg2M,1404,1403,unico,>=moderada,test_ordinal_youtube,youtube,youtube__frames13,media,tuneis_ocasionais;hud_velocimetro_pequeno
data/processed/youtube/frames13/frame_01418.jpg,youtube_frames13,-EA5EgUFg2M,1418,1417,unico,>=moderada,test_ordinal_youtube,youtube,youtube__frames13,media,tuneis_ocasionais;hud_velocimetro_pequeno
data/processed/youtube/frames13/frame_01431.jpg,youtube_frames13,-EA5EgUFg2M,1431,1430,unico,>=moderada,test_ordinal_youtube,youtube,youtube__frames13,media,tuneis_ocasionais;hud_velocimetro_pequeno
data/processed/youtube/frames13/frame_01445.jpg,youtube_frames13,-EA5EgUFg2M,1445,1444,unico,>=moderada,test_ordinal_youtube,youtube,youtube__frames13,media,tuneis_ocasionais;hud_velocimetro_pequeno
data/processed/youtube/frames13/frame_01459.jpg,youtube_frames13,-EA5EgUFg2M,1459,1458,unico,>=moderada,test_ordinal_youtube,youtube,youtube__frames13,media,tuneis_ocasionais;hud_velocimetro_pequeno
data/processed/youtube/frames13/frame_01473.jpg,youtube_frames13,-EA5EgUFg2M,1473,1472,unico,>=moderada,test_ordinal_youtube,youtube,youtube__frames13,media,tuneis_ocasionais;hud_velocimetro_pequeno
data/processed/youtube/frames13/frame_01486.jpg,youtube_frames13,-EA5EgUFg2M,1486,1485,unico,>=moderada,test_ordinal_youtube,youtube,youtube__frames13,media,tuneis_ocasionais;hud_velocimetro_pequeno
data/processed/youtube/frames13/frame_01500.jpg,youtube_frames13,-EA5EgUFg2M,1500,1499,unico,>=moderada,test_ordinal_youtube,youtube,youtube__frames13,media,tuneis_ocasionais;hud_velocimetro_pequeno
data/processed/youtube/frames13/frame_01514.jpg,youtube_frames13,-EA5EgUFg2M,1514,1513,unico,>=moderada,test_ordinal_youtube,youtube,youtube__frames13,media,tuneis_ocasionais;hud_velocimetro_pequeno
data/processed/youtube/frames13/frame_01528.jpg,youtube_frames13,-EA5EgUFg2M,1528,1527,unico,>=moderada,test_ordinal_youtube,youtube,youtube__frames13,media,tuneis_ocasionais;hud_velocimetro_pequeno
data/processed/youtube/frames13/frame_01541.jpg,youtube_frames13,-EA5EgUFg2M,1541,1540,unico,>=moderada,test_ordinal_youtube,youtube,youtube__frames13,media,tuneis_ocasionais;hud_velocimetro_pequeno
data/processed/youtube/frames13/frame_01555.jpg,youtube_frames13,-EA5EgUFg2M,1555,1554,unico,>=moderada,test_ordinal_youtube,youtube,youtube__frames13,media,tuneis_ocasionais;hud_velocimetro_pequeno
data/processed/youtube/frames13/frame_01569.jpg,youtube_frames13,-EA5EgUFg2M,1569,1568,unico,>=moderada,test_ordinal_youtube,youtube,youtube__frames13,media,tuneis_ocasionais;hud_velocimetro_pequeno
data/processed/youtube/frames13/frame_01583.jpg,youtube_frames13,-EA5EgUFg2M,1583,1582,unico,>=moderada,test_ordinal_youtube,youtube,youtube__frames13,media,tuneis_ocasionais;hud_velocimetro_pequeno
data/processed/youtube/frames13/frame_01596.jpg,youtube_frames13,-EA5EgUFg2M,1596,1595,unico,>=moderada,test_ordinal_youtube,youtube,youtube__frames13,media,tuneis_ocasionais;hud_velocimetro_pequeno
data/processed/youtube/frames13/frame_01610.jpg,youtube_frames13,-EA5EgUFg2M,1610,1609,unico,>=moderada,test_ordinal_youtube,youtube,youtube__frames13,media,tuneis_ocasionais;hud_velocimetro_pequeno
data/processed/youtube/frames13/frame_01624.jpg,youtube_frames13,-EA5EgUFg2M,1624,1623,unico,>=moderada,test_ordinal_youtube,youtube,youtube__frames13,media,tuneis_ocasionais;hud_velocimetro_pequeno
data/processed/youtube/frames13/frame_01638.jpg,youtube_frames13,-EA5EgUFg2M,1638,1637,unico,>=moderada,test_ordinal_youtube,youtube,youtube__frames13,media,tuneis_ocasionais;hud_velocimetro_pequeno
data/processed/youtube/frames13/frame_01651.jpg,youtube_frames13,-EA5EgUFg2M,1651,1650,unico,>=moderada,test_ordinal_youtube,youtube,youtube__frames13,media,tuneis_ocasionais;hud_velocimetro_pequeno
data/processed/youtube/frames13/frame_01665.jpg,youtube_frames13,-EA5EgUFg2M,1665,1664,unico,>=moderada,test_ordinal_youtube,youtube,youtube__frames13,media,tuneis_ocasionais;hud_velocimetro_pequeno
data/processed/youtube/frames13/frame_01679.jpg,youtube_frames13,-EA5EgUFg2M,1679,1678,unico,>=moderada,test_ordinal_youtube,youtube,youtube__frames13,media,tuneis_ocasionais;hud_velocimetro_pequeno
data/processed/youtube/frames13/frame_01692.jpg,youtube_frames13,-EA5EgUFg2M,1692,1691,unico,>=moderada,test_ordinal_youtube,youtube,youtube__frames13,media,tuneis_ocasionais;hud_velocimetro_pequeno
data/processed/youtube/frames13/frame_01706.jpg,youtube_frames13,-EA5EgUFg2M,1706,1705,unico,>=moderada,test_ordinal_youtube,youtube,youtube__frames13,media,tuneis_ocasionais;hud_velocimetro_pequeno
data/processed/youtube/frames13/frame_01720.jpg,youtube_frames13,-EA5EgUFg2M,1720,1719,unico,>=moderada,test_ordinal_youtube,youtube,youtube__frames13,media,tuneis_ocasionais;hud_velocimetro_pequeno
data/processed/youtube/frames13/frame_01734.jpg,youtube_frames13,-EA5EgUFg2M,1734,1733,unico,>=moderada,test_ordinal_youtube,youtube,youtube__frames13,media,tuneis_ocasionais;hud_velocimetro_pequeno
data/processed/youtube/frames13/frame_01747.jpg,youtube_frames13,-EA5EgUFg2M,1747,1746,unico,>=moderada,test_ordinal_youtube,youtube,youtube__frames13,media,tuneis_ocasionais;hud_velocimetro_pequeno
data/processed/youtube/frames13/frame_01761.jpg,youtube_frames13,-EA5EgUFg2M,1761,1760,unico,>=moderada,test_ordinal_youtube,youtube,youtube__frames13,media,tuneis_ocasionais;hud_velocimetro_pequeno
data/processed/youtube/frames13/frame_01775.jpg,youtube_frames13,-EA5EgUFg2M,1775,1774,unico,>=moderada,test_ordinal_youtube,youtube,youtube__frames13,media,tuneis_ocasionais;hud_velocimetro_pequeno
data/processed/youtube/frames13/frame_01789.jpg,youtube_frames13,-EA5EgUFg2M,1789,1788,unico,>=moderada,test_ordinal_youtube,youtube,youtube__frames13,media,tuneis_ocasionais;hud_velocimetro_pequeno
data/processed/youtube/frames13/frame_01802.jpg,youtube_frames13,-EA5EgUFg2M,1802,1801,unico,>=moderada,test_ordinal_youtube,youtube,youtube__frames13,media,tuneis_ocasionais;hud_velocimetro_pequeno
data/processed/youtube/frames13/frame_01816.jpg,youtube_frames13,-EA5EgUFg2M,1816,1815,unico,>=moderada,test_ordinal_youtube,youtube,youtube__frames13,media,tuneis_ocasionais;hud_velocimetro_pequeno
data/processed/youtube/frames13/frame_01830.jpg,youtube_frames13,-EA5EgUFg2M,1830,1829,unico,>=moderada,test_ordinal_youtube,youtube,youtube__frames13,media,tuneis_ocasionais;hud_velocimetro_pequeno
data/processed/youtube/frames13/frame_01844.jpg,youtube_frames13,-EA5EgUFg2M,1844,1843,unico,>=moderada,test_ordinal_youtube,youtube,youtube__frames13,media,tuneis_ocasionais;hud_velocimetro_pequeno
data/processed/youtube/frames13/frame_01857.jpg,youtube_frames13,-EA5EgUFg2M,1857,1856,unico,>=moderada,test_ordinal_youtube,youtube,youtube__frames13,media,tuneis_ocasionais;hud_velocimetro_pequeno
data/processed/youtube/frames13/frame_01871.jpg,youtube_frames13,-EA5EgUFg2M,1871,1870,unico,>=moderada,test_ordinal_youtube,youtube,youtube__frames13,media,tuneis_ocasionais;hud_velocimetro_pequeno
data/processed/youtube/frames13/frame_01885.jpg,youtube_frames13,-EA5EgUFg2M,1885,1884,unico,>=moderada,test_ordinal_youtube,youtube,youtube__frames13,media,tuneis_ocasionais;hud_velocimetro_pequeno
data/processed/youtube/frames13/frame_01899.jpg,youtube_frames13,-EA5EgUFg2M,1899,1898,unico,>=moderada,test_ordinal_youtube,youtube,youtube__frames13,media,tuneis_ocasionais;hud_velocimetro_pequeno
data/processed/youtube/frames13/frame_01912.jpg,youtube_frames13,-EA5EgUFg2M,1912,1911,unico,>=moderada,test_ordinal_youtube,youtube,youtube__frames13,media,tuneis_ocasionais;hud_velocimetro_pequeno
data/processed/youtube/frames13/frame_01926.jpg,youtube_frames13,-EA5EgUFg2M,1926,1925,unico,>=moderada,test_ordinal_youtube,youtube,youtube__frames13,media,tuneis_ocasionais;hud_velocimetro_pequeno
data/processed/youtube/frames13/frame_01940.jpg,youtube_frames13,-EA5EgUFg2M,1940,1939,unico,>=moderada,test_ordinal_youtube,youtube,youtube__frames13,media,tuneis_ocasionais;hud_velocimetro_pequeno
data/processed/youtube/frames13/frame_01954.jpg,youtube_frames13,-EA5EgUFg2M,1954,1953,unico,>=moderada,test_ordinal_youtube,youtube,youtube__frames13,media,tuneis_ocasionais;hud_velocimetro_pequeno
data/processed/youtube/frames13/frame_01967.jpg,youtube_frames13,-EA5EgUFg2M,1967,1966,unico,>=moderada,test_ordinal_youtube,youtube,youtube__frames13,media,tuneis_ocasionais;hud_velocimetro_pequeno
data/processed/youtube/frames13/frame_01981.jpg,youtube_frames13,-EA5EgUFg2M,1981,1980,unico,>=moderada,test_ordinal_youtube,youtube,youtube__frames13,media,tuneis_ocasionais;hud_velocimetro_pequeno
data/processed/youtube/frames13/frame_01995.jpg,youtube_frames13,-EA5EgUFg2M,1995,1994,unico,>=moderada,test_ordinal_youtube,youtube,youtube__frames13,media,tuneis_ocasionais;hud_velocimetro_pequeno
data/processed/youtube/frames13/frame_02009.jpg,youtube_frames13,-EA5EgUFg2M,2009,2008,unico,>=moderada,test_ordinal_youtube,youtube,youtube__frames13,media,tuneis_ocasionais;hud_velocimetro_pequeno
data/processed/youtube/frames13/frame_02022.jpg,youtube_frames13,-EA5EgUFg2M,2022,2021,unico,>=moderada,test_ordinal_youtube,youtube,youtube__frames13,media,tuneis_ocasionais;hud_velocimetro_pequeno
data/processed/youtube/frames13/frame_02036.jpg,youtube_frames13,-EA5EgUFg2M,2036,2035,unico,>=moderada,test_ordinal_youtube,youtube,youtube__frames13,media,tuneis_ocasionais;hud_velocimetro_pequeno
data/processed/youtube/frames13/frame_02050.jpg,youtube_frames13,-EA5EgUFg2M,2050,2049,unico,>=moderada,test_ordinal_youtube,youtube,youtube__frames13,media,tuneis_ocasionais;hud_velocimetro_pequeno
data/processed/youtube/frames13/frame_02064.jpg,youtube_frames13,-EA5EgUFg2M,2064,2063,unico,>=moderada,test_ordinal_youtube,youtube,youtube__frames13,media,tuneis_ocasionais;hud_velocimetro_pequeno
data/processed/youtube/frames13/frame_02077.jpg,youtube_frames13,-EA5EgUFg2M,2077,2076,unico,>=moderada,test_ordinal_youtube,youtube,youtube__frames13,media,tuneis_ocasionais;hud_velocimetro_pequeno
data/processed/youtube/frames13/frame_02091.jpg,youtube_frames13,-EA5EgUFg2M,2091,2090,unico,>=moderada,test_ordinal_youtube,youtube,youtube__frames13,media,tuneis_ocasionais;hud_velocimetro_pequeno
data/processed/youtube/frames13/frame_02105.jpg,youtube_frames13,-EA5EgUFg2M,2105,2104,unico,>=moderada,test_ordinal_youtube,youtube,youtube__frames13,media,tuneis_ocasionais;hud_velocimetro_pequeno
data/processed/youtube/frames13/frame_02119.jpg,youtube_frames13,-EA5EgUFg2M,2119,2118,unico,>=moderada,test_ordinal_youtube,youtube,youtube__frames13,media,tuneis_ocasionais;hud_velocimetro_pequeno
data/processed/youtube/frames13/frame_02132.jpg,youtube_frames13,-EA5EgUFg2M,2132,2131,unico,>=moderada,test_ordinal_youtube,youtube,youtube__frames13,media,tuneis_ocasionais;hud_velocimetro_pequeno
data/processed/youtube/frames13/frame_02146.jpg,youtube_frames13,-EA5EgUFg2M,2146,2145,unico,>=moderada,test_ordinal_youtube,youtube,youtube__frames13,media,tuneis_ocasionais;hud_velocimetro_pequeno
data/processed/youtube/frames13/frame_02160.jpg,youtube_frames13,-EA5EgUFg2M,2160,2159,unico,>=moderada,test_ordinal_youtube,youtube,youtube__frames13,media,tuneis_ocasionais;hud_velocimetro_pequeno
data/processed/youtube/frames13/frame_02174.jpg,youtube_frames13,-EA5EgUFg2M,2174,2173,unico,>=moderada,test_ordinal_youtube,youtube,youtube__frames13,media,tuneis_ocasionais;hud_velocimetro_pequeno
data/processed/youtube/frames13/frame_02187.jpg,youtube_frames13,-EA5EgUFg2M,2187,2186,unico,>=moderada,test_ordinal_youtube,youtube,youtube__frames13,media,tuneis_ocasionais;hud_velocimetro_pequeno
data/processed/youtube/frames13/frame_02201.jpg,youtube_frames13,-EA5EgUFg2M,2201,2200,unico,>=moderada,test_ordinal_youtube,youtube,youtube__frames13,media,tuneis_ocasionais;hud_velocimetro_pequeno
data/processed/youtube/frames13/frame_02215.jpg,youtube_frames13,-EA5EgUFg2M,2215,2214,unico,>=moderada,test_ordinal_youtube,youtube,youtube__frames13,media,tuneis_ocasionais;hud_velocimetro_pequeno
data/processed/youtube/frames13/frame_02228.jpg,youtube_frames13,-EA5EgUFg2M,2228,2227,unico,>=moderada,test_ordinal_youtube,youtube,youtube__frames13,media,tuneis_ocasionais;hud_velocimetro_pequeno
data/processed/youtube/frames13/frame_02242.jpg,youtube_frames13,-EA5EgUFg2M,2242,2241,unico,>=moderada,test_ordinal_youtube,youtube,youtube__frames13,media,tuneis_ocasionais;hud_velocimetro_pequeno
data/processed/youtube/frames13/frame_02256.jpg,youtube_frames13,-EA5EgUFg2M,2256,2255,unico,>=moderada,test_ordinal_youtube,youtube,youtube__frames13,media,tuneis_ocasionais;hud_velocimetro_pequeno
data/processed/youtube/frames13/frame_02270.jpg,youtube_frames13,-EA5EgUFg2M,2270,2269,unico,>=moderada,test_ordinal_youtube,youtube,youtube__frames13,media,tuneis_ocasionais;hud_velocimetro_pequeno
data/processed/youtube/frames13/frame_02283.jpg,youtube_frames13,-EA5EgUFg2M,2283,2282,unico,>=moderada,test_ordinal_youtube,youtube,youtube__frames13,media,tuneis_ocasionais;hud_velocimetro_pequeno
data/processed/youtube/frames13/frame_02297.jpg,youtube_frames13,-EA5EgUFg2M,2297,2296,unico,>=moderada,test_ordinal_youtube,youtube,youtube__frames13,media,tuneis_ocasionais;hud_velocimetro_pequeno
data/processed/youtube/frames13/frame_02311.jpg,youtube_frames13,-EA5EgUFg2M,2311,2310,unico,>=moderada,test_ordinal_youtube,youtube,youtube__frames13,media,tuneis_ocasionais;hud_velocimetro_pequeno
data/processed/youtube/frames13/frame_02325.jpg,youtube_frames13,-EA5EgUFg2M,2325,2324,unico,>=moderada,test_ordinal_youtube,youtube,youtube__frames13,media,tuneis_ocasionais;hud_velocimetro_pequeno
data/processed/youtube/frames13/frame_02338.jpg,youtube_frames13,-EA5EgUFg2M,2338,2337,unico,>=moderada,test_ordinal_youtube,youtube,youtube__frames13,media,tuneis_ocasionais;hud_velocimetro_pequeno
data/processed/youtube/frames13/frame_02352.jpg,youtube_frames13,-EA5EgUFg2M,2352,2351,unico,>=moderada,test_ordinal_youtube,youtube,youtube__frames13,media,tuneis_ocasionais;hud_velocimetro_pequeno
data/processed/youtube/frames13/frame_02366.jpg,youtube_frames13,-EA5EgUFg2M,2366,2365,unico,>=moderada,test_ordinal_youtube,youtube,youtube__frames13,media,tuneis_ocasionais;hud_velocimetro_pequeno
data/processed/youtube/frames13/frame_02380.jpg,youtube_frames13,-EA5EgUFg2M,2380,2379,unico,>=moderada,test_ordinal_youtube,youtube,youtube__frames13,media,tuneis_ocasionais;hud_velocimetro_pequeno
data/processed/youtube/frames13/frame_02393.jpg,youtube_frames13,-EA5EgUFg2M,2393,2392,unico,>=moderada,test_ordinal_youtube,youtube,youtube__frames13,media,tuneis_ocasionais;hud_velocimetro_pequeno
data/processed/youtube/frames13/frame_02407.jpg,youtube_frames13,-EA5EgUFg2M,2407,2406,unico,>=moderada,test_ordinal_youtube,youtube,youtube__frames13,media,tuneis_ocasionais;hud_velocimetro_pequeno
data/processed/youtube/frames13/frame_02421.jpg,youtube_frames13,-EA5EgUFg2M,2421,2420,unico,>=moderada,test_ordinal_youtube,youtube,youtube__frames13,media,tuneis_ocasionais;hud_velocimetro_pequeno
data/processed/youtube/frames13/frame_02435.jpg,youtube_frames13,-EA5EgUFg2M,2435,2434,unico,>=moderada,test_ordinal_youtube,youtube,youtube__frames13,media,tuneis_ocasionais;hud_velocimetro_pequeno
data/processed/youtube/frames13/frame_02448.jpg,youtube_frames13,-EA5EgUFg2M,2448,2447,unico,>=moderada,test_ordinal_youtube,youtube,youtube__frames13,media,tuneis_ocasionais;hud_velocimetro_pequeno
data/processed/youtube/frames13/frame_02462.jpg,youtube_frames13,-EA5EgUFg2M,2462,2461,unico,>=moderada,test_ordinal_youtube,youtube,youtube__frames13,media,tuneis_ocasionais;hud_velocimetro_pequeno
data/processed/youtube/frames13/frame_02476.jpg,youtube_frames13,-EA5EgUFg2M,2476,2475,unico,>=moderada,test_ordinal_youtube,youtube,youtube__frames13,media,tuneis_ocasionais;hud_velocimetro_pequeno
data/processed/youtube/frames13/frame_02490.jpg,youtube_frames13,-EA5EgUFg2M,2490,2489,unico,>=moderada,test_ordinal_youtube,youtube,youtube__frames13,media,tuneis_ocasionais;hud_velocimetro_pequeno
data/processed/youtube/frames13/frame_02503.jpg,youtube_frames13,-EA5EgUFg2M,2503,2502,unico,>=moderada,test_ordinal_youtube,youtube,youtube__frames13,media,tuneis_ocasionais;hud_velocimetro_pequeno
data/processed/youtube/frames13/frame_02517.jpg,youtube_frames13,-EA5EgUFg2M,2517,2516,unico,>=moderada,test_ordinal_youtube,youtube,youtube__frames13,media,tuneis_ocasionais;hud_velocimetro_pequeno
data/processed/youtube/frames13/frame_02531.jpg,youtube_frames13,-EA5EgUFg2M,2531,2530,unico,>=moderada,test_ordinal_youtube,youtube,youtube__frames13,media,tuneis_ocasionais;hud_velocimetro_pequeno
data/processed/youtube/frames13/frame_02545.jpg,youtube_frames13,-EA5EgUFg2M,2545,2544,unico,>=moderada,test_ordinal_youtube,youtube,youtube__frames13,media,tuneis_ocasionais;hud_velocimetro_pequeno
data/processed/youtube/frames13/frame_02558.jpg,youtube_frames13,-EA5EgUFg2M,2558,2557,unico,>=moderada,test_ordinal_youtube,youtube,youtube__frames13,media,tuneis_ocasionais;hud_velocimetro_pequeno
data/processed/youtube/frames13/frame_02572.jpg,youtube_frames13,-EA5EgUFg2M,2572,2571,unico,>=moderada,test_ordinal_youtube,youtube,youtube__frames13,media,tuneis_ocasionais;hud_velocimetro_pequeno
data/processed/youtube/frames13/frame_02586.jpg,youtube_frames13,-EA5EgUFg2M,2586,2585,unico,>=moderada,test_ordinal_youtube,youtube,youtube__frames13,media,tuneis_ocasionais;hud_velocimetro_pequeno
data/processed/youtube/frames13/frame_02600.jpg,youtube_frames13,-EA5EgUFg2M,2600,2599,unico,>=moderada,test_ordinal_youtube,youtube,youtube__frames13,media,tuneis_ocasionais;hud_velocimetro_pequeno
data/processed/youtube/frames13/frame_02613.jpg,youtube_frames13,-EA5EgUFg2M,2613,2612,unico,>=moderada,test_ordinal_youtube,youtube,youtube__frames13,media,tuneis_ocasionais;hud_velocimetro_pequeno
data/processed/youtube/frames13/frame_02627.jpg,youtube_frames13,-EA5EgUFg2M,2627,2626,unico,>=moderada,test_ordinal_youtube,youtube,youtube__frames13,media,tuneis_ocasionais;hud_velocimetro_pequeno
data/processed/youtube/frames13/frame_02641.jpg,youtube_frames13,-EA5EgUFg2M,2641,2640,unico,>=moderada,test_ordinal_youtube,youtube,youtube__frames13,media,tuneis_ocasionais;hud_velocimetro_pequeno
data/processed/youtube/frames13/frame_02655.jpg,youtube_frames13,-EA5EgUFg2M,2655,2654,unico,>=moderada,test_ordinal_youtube,youtube,youtube__frames13,media,tuneis_ocasionais;hud_velocimetro_pequeno
data/processed/youtube/frames13/frame_02668.jpg,youtube_frames13,-EA5EgUFg2M,2668,2667,unico,>=moderada,test_ordinal_youtube,youtube,youtube__frames13,media,tuneis_ocasionais;hud_velocimetro_pequeno
data/processed/youtube/frames13/frame_02682.jpg,youtube_frames13,-EA5EgUFg2M,2682,2681,unico,>=moderada,test_ordinal_youtube,youtube,youtube__frames13,media,tuneis_ocasionais;hud_velocimetro_pequeno
data/processed/youtube/frames13/frame_02696.jpg,youtube_frames13,-EA5EgUFg2M,2696,2695,unico,>=moderada,test_ordinal_youtube,youtube,youtube__frames13,media,tuneis_ocasionais;hud_velocimetro_pequeno
data/processed/youtube/frames13/frame_02710.jpg,youtube_frames13,-EA5EgUFg2M,2710,2709,unico,>=moderada,test_ordinal_youtube,youtube,youtube__frames13,media,tuneis_ocasionais;hud_velocimetro_pequeno
data/processed/youtube/frames13/frame_02723.jpg,youtube_frames13,-EA5EgUFg2M,2723,2722,unico,>=moderada,test_ordinal_youtube,youtube,youtube__frames13,media,tuneis_ocasionais;hud_velocimetro_pequeno
data/processed/youtube/frames13/frame_02737.jpg,youtube_frames13,-EA5EgUFg2M,2737,2736,unico,>=moderada,test_ordinal_youtube,youtube,youtube__frames13,media,tuneis_ocasionais;hud_velocimetro_pequeno
